cluster	model	AUPRC	AUPRC_95CI_low	AUPRC_95CI_high	precision_70_pct_recall	precision_70_pct_recall_95CI_low	precision_70_pct_recall_95CI_high	threshold_70_pct_recall	precision_50_pct_recall	precision_50_pct_recall_95CI_low	precision_50_pct_recall_95CI_high	threshold_50_pct_recall	precision_model_threshold	precision_model_threshold_95CI_low	precision_model_threshold_95CI_high	recall_model_threshold	recall_model_threshold_95CI_low	recall_model_threshold_95CI_high	pct_missing_pos	pct_missing_neg	pct_missing_total
atac_33387_rna_17961_cells_7821	multiome_powerlaw_v3_noTPMfilter	0.629812428217123	0.5822612589051538	0.6752781349847459	0.5440882077112094	0.5033919631791031	0.5836516990729657	0.178590296681124	0.7219009451437168	0.6755074901932593	0.769387988812384	0.456175634683413	0.5408272306386381	0.5026025540128561	0.5778750321516486	0.7014499541167909	0.6595749663696596	0.7431190736454045	0.07939914163090128	0.10510328068043742	0.10394507832140785
atac_33387_rna_17961_cells_7821	multiome_powerlaw_v3	0.6246623268613387	0.5797899987670382	0.6716119936170899	0.5378480603497636	0.4955614748478235	0.5747345469874113	0.174316489498951	0.7240927696323818	0.6771114011867042	0.7738549043163316	0.454246303397735	0.5408727669855009	0.5027182635987484	0.581363855903396	0.6964581697295467	0.6567397201728832	0.7451356022271964	0.07939914163090128	0.10510328068043742	0.10394507832140785
atac_33387_rna_17961_cells_5000	multiome_powerlaw_v3_noTPMfilter	0.6220766492086589	0.5765324425766817	0.6629364884512058	0.5365067802974557	0.49651923556760064	0.5754092076844171	0.1650993562741	0.7174241290428618	0.6666666666666666	0.7645449106037123	0.437426025135322	0.5480902689823649	0.5102389227226177	0.5880123660409456	0.6886020003148997	0.6434577338711379	0.7296128519867205	0.07725321888412018	0.10388821385176185	0.10268806807193967
atac_30000_rna_17961_cells_7821	multiome_powerlaw_v3_noTPMfilter	0.621555859550314	0.5714677472818166	0.6648315279018753	0.5204078974104709	0.4850812340483807	0.5664958561996744	0.16178167975208	0.7243164702856799	0.6761929696136892	0.771875	0.455814193462332	0.5390603386998533	0.49736961557588444	0.5776746104649048	0.6917541485575496	0.650265878351578	0.7300721333074183	0.0815450643776824	0.10540704738760631	0.1043318507058596
atac_30000_rna_17961_cells_5000	multiome_powerlaw_v3_noTPMfilter	0.6197893690643488	0.572916802572939	0.6654463780785476	0.5154446303503151	0.477472898414014	0.5528552977392115	0.15089596139713	0.6976811636583415	0.6441898864605846	0.7440863353960081	0.422371300129661	0.5452600138139958	0.5052884240854649	0.5883574990116184	0.6865047173662316	0.6459282307842078	0.7288135593220338	0.0815450643776824	0.10550830295666262	0.10442854380197254
atac_20000_rna_17961_cells_7821	multiome_powerlaw_v3_noTPMfilter	0.6177992558221055	0.5677269515770593	0.6620806396215345	0.5336029215907758	0.4896274294007127	0.5740226885032219	0.167832692443425	0.7157976251001152	0.6632996432180853	0.7678517393015915	0.427738055616512	0.5413896079123137	0.5	0.580529447913444	0.6865902309741193	0.6444444444444445	0.7341046782032041	0.07939914163090128	0.10844471445929527	0.10713595049313479
atac_20000_rna_17961_cells_5000	multiome_powerlaw_v3_noTPMfilter	0.6177913452218008	0.5684439381660397	0.6633910945854007	0.5372733133227184	0.49902820151117017	0.5762212714808049	0.161440236114695	0.7239277083494612	0.6709283954866083	0.7673123259157082	0.436482155335839	0.5552136841581121	0.5158597662771286	0.5950579311022166	0.6972780529901337	0.6554957129530342	0.7358132070016341	0.07510729613733906	0.11097610368570271	0.10935989170373235
atac_33387_rna_17961_cells_5000	multiome_powerlaw_v3	0.6171386433346754	0.5721729771120154	0.6639558612200228	0.5333042161774076	0.49536794664575584	0.5760279054609716	0.162599514942334	0.713984728530829	0.666486855166713	0.7647269061908958	0.432643911274795	0.5464719067280605	0.5068468817345146	0.587588145487174	0.6829332242309083	0.6409942869691072	0.7285490855234347	0.07725321888412018	0.10388821385176185	0.10268806807193967
atac_30000_rna_17961_cells_7821	multiome_powerlaw_v3	0.6154385513327074	0.5678259287727401	0.6590794003732179	0.5120367698902404	0.4738271239945508	0.5502098906636276	0.157564150455581	0.7151264835778213	0.6637200026059985	0.7614795866651409	0.442339693341168	0.5382322619718408	0.49749547665688726	0.5797861658085489	0.6862995982450705	0.6457584716368155	0.728493925424152	0.0815450643776824	0.10540704738760631	0.1043318507058596
atac_30000_rna_17961_cells_5000	multiome_powerlaw_v3	0.6146060682621401	0.5625895861542262	0.6607518937409818	0.5023848066685711	0.46021777189147794	0.5373094913959365	0.144317809104271	0.6929033293012151	0.6425823740880232	0.7371601208459214	0.416994429884697	0.5441155582441002	0.5047953203916928	0.5820434380658331	0.680723439554729	0.6338148282690166	0.7225179294601648	0.0815450643776824	0.10550830295666262	0.10442854380197254
atac_20000_rna_17961_cells_7821	multiome_powerlaw_v3	0.6142470237193058	0.5631697045862567	0.6577734199136499	0.530215226211588	0.4881415404502802	0.5676004454037834	0.165266100621626	0.7180481957432069	0.6647521039656852	0.7643279657126366	0.427738055616512	0.5418179334915336	0.49680380936665497	0.5770485919709443	0.6827315006234209	0.6365660385137721	0.7227448102425249	0.07939914163090128	0.10844471445929527	0.10713595049313479
atac_10000_rna_10000_cells_7821	multiome_powerlaw_v3_noTPMfilter	0.6133451688061252	0.567082525706172	0.6593666575723612	0.5400609904705097	0.503979750332351	0.5801367985097801	0.171465575158645	0.6959551758919574	0.6411703828043084	0.7419995131611771	0.403651924725628	0.5418169554898302	0.49939061163961135	0.5815257344519649	0.6916152093598252	0.6472444762316034	0.7292194928735409	0.06866952789699571	0.11269744835965978	0.11071359504931348
atac_20000_rna_17961_cells_5000	multiome_powerlaw_v3	0.6118217334432493	0.5611779632092002	0.6522167725778651	0.5114486649407592	0.4728764438236766	0.5498338080577336	0.147150452370071	0.7221783218494295	0.664612288539251	0.7662545170530154	0.433799021076377	0.554029087798529	0.518389588752291	0.5979231211670158	0.6913862966331992	0.6498106973095106	0.7270941237255922	0.07510729613733906	0.11097610368570271	0.10935989170373235
atac_10000_rna_10000_cells_7821	multiome_powerlaw_v3	0.6107489069239359	0.5607233933785558	0.6533944855997116	0.5339017377548134	0.49565092781723435	0.5748614784266132	0.164909810679918	0.6943233299108491	0.6462891775003743	0.7473029498349221	0.403501557939437	0.5406747754543216	0.5020004887427901	0.5836538188016617	0.6854089805464286	0.6404161139052212	0.7234949054614143	0.06866952789699571	0.11269744835965978	0.11071359504931348
atac_10000_rna_10000_cells_5000	multiome_powerlaw_v3_noTPMfilter	0.6105145303643996	0.5628060598071525	0.6584642156574195	0.5671520769868332	0.5249521294500855	0.6100589588833412	0.173710089856537	0.6904412859148269	0.6425880766710843	0.7408783656962842	0.404985827868811	0.5706958838746159	0.5333895962717204	0.6121042864353972	0.696185995128289	0.6557188647031497	0.7378946757334067	0.07510729613733906	0.11441879303361685	0.11264745697157223
atac_33387_rna_17961_cells_2000	multiome_powerlaw_v3_noTPMfilter	0.6093264259719424	0.5562893657931052	0.6492890937695905	0.5130226995348256	0.47687296167601984	0.5506901812547083	0.146957823995023	0.6942305682847404	0.6426824379179913	0.7379701382864227	0.394993497956435	0.5604306524810041	0.5201338922323412	0.6025747232125902	0.6852341964126958	0.6403536979690827	0.7270753658418037	0.07510729613733906	0.1122924260834346	0.11061690195320054
atac_30000_rna_17961_cells_2000	multiome_powerlaw_v3_noTPMfilter	0.6085207575396147	0.5608379844144121	0.6551205920951526	0.5374346648340805	0.49706311573376377	0.5792857210149026	0.155185596712629	0.6888371721201876	0.6356396243300103	0.7361666698459717	0.379915044927476	0.5526987971626379	0.5118383302970625	0.5893365032749026	0.6918429132145993	0.6518732766664641	0.7324004456619664	0.06866952789699571	0.11138112596192791	0.1094565847998453
atac_30000_rna_17961_cells_2000	multiome_powerlaw_v3	0.6053474220848986	0.5516807887465801	0.6511971105461282	0.5324186993856045	0.49598534135468153	0.5739053297667226	0.15040869021764	0.6881868751376701	0.6306783067435492	0.7357442942490504	0.378720646881069	0.5527455263309725	0.5097170977010443	0.5923073026452158	0.6860115153584788	0.6469346279714455	0.7289440153426686	0.06866952789699571	0.11138112596192791	0.1094565847998453
atac_20000_rna_17961_cells_2000	multiome_powerlaw_v3_noTPMfilter	0.6052199896819372	0.5497006733667257	0.6442421147083757	0.5121347056828465	0.47492530254945775	0.5522529885138099	0.143657182037014	0.7061211275277297	0.6597617509439718	0.7577753423845254	0.384487890492597	0.5505237754471635	0.5110697820142364	0.5967451941036944	0.668740883389993	0.6242314832227461	0.7114648957205566	0.0815450643776824	0.11624139327663022	0.11467801198994391
atac_10000_rna_10000_cells_5000	multiome_powerlaw_v3	0.6048025024377655	0.5492713586505107	0.6487291876010935	0.5509048364693229	0.5132557192385084	0.5955714744212336	0.164695993242207	0.6915323541352991	0.6402038273336078	0.7392604363872196	0.403356502132055	0.5692381845560458	0.5281762855536746	0.6126736626657736	0.6900404419122832	0.6437029119908492	0.7297218248644812	0.07510729613733906	0.11441879303361685	0.11264745697157223
atac_33387_rna_17961_cells_2000	multiome_powerlaw_v3	0.6021160771085645	0.5516347305699648	0.6485694911429608	0.5119390580436497	0.4756103828269083	0.5536562819321474	0.142590840626502	0.6802561289723571	0.6243439029889366	0.724788086353998	0.379086551483535	0.5582210596916909	0.5184533434358305	0.6017184370826226	0.6767343221237762	0.6307222761474026	0.7152700511605541	0.07510729613733906	0.1122924260834346	0.11061690195320054
atac_10000_rna_10000_cells_2000	multiome_powerlaw_v3_noTPMfilter	0.6011546438285538	0.5503698156050839	0.6485050247802779	0.5307398333743949	0.48973616445200163	0.5705793053717723	0.140857743463765	0.7183564870117446	0.6721571722135191	0.7683300510596967	0.368401835876146	0.568353212754577	0.5232454066171506	0.6054351307155459	0.6751223710759581	0.6319936398934393	0.7158620765429713	0.07725321888412018	0.13163223977318753	0.12918197640688456
atac_10000_rna_10000_cells_2000	multiome_powerlaw_v3	0.5983935495914336	0.5452595930296318	0.6437120630251887	0.5284424577912947	0.49002259615202287	0.5680944681960328	0.139372869959599	0.7110210978727887	0.6625443712678758	0.7595080064462589	0.355900938434384	0.568540754530648	0.5259129509280812	0.6099701326031869	0.6729904665194562	0.6269196578149198	0.7148332292581051	0.07725321888412018	0.13163223977318753	0.12918197640688456
atac_33387_rna_17961_cells_1000	multiome_powerlaw_v3_noTPMfilter	0.5980364341201587	0.5443420383105935	0.6432756264818772	0.5217307805671146	0.48033363406686885	0.5586040847490126	0.148226761309228	0.660614460358016	0.6101075485099059	0.7075007895306803	0.374759939529177	0.5590024030024047	0.5166783836176428	0.5969770773152878	0.6807659708546082	0.6375303512577574	0.7227408120692792	0.07939914163090128	0.12586067233697854	0.12376716302456005
atac_30000_rna_17961_cells_1000	multiome_powerlaw_v3_noTPMfilter	0.5975375838849664	0.5521248571634185	0.6429694371798427	0.49595134478107816	0.459405894003641	0.5306128513176531	0.126418823667874	0.6893882986684328	0.6399363812371321	0.7335586141690001	0.363120758107268	0.5761737701926967	0.5369057487007095	0.6167603229408769	0.67568904759058	0.6322464994372919	0.7184295332944469	0.08798283261802575	0.1266707168894289	0.1249274801779153
atac_2000_rna_2000_cells_5000	multiome_powerlaw_v3_noTPMfilter	0.5974109025641869	0.5484998741236754	0.6404498529170064	0.5301025793746947	0.4885496685581068	0.5714518132835825	0.145671276753896	0.6596183086148572	0.6037515363377199	0.7047319714356751	0.342281913218287	0.5714045134024412	0.529336075093568	0.612042331238978	0.6715184720329122	0.6332418278188235	0.7170897191734815	0.09227467811158799	0.153199675982179	0.1504544575517308
atac_20000_rna_17961_cells_2000	multiome_powerlaw_v3	0.5972761174098676	0.5464741246264679	0.6451750817419973	0.5042420519968528	0.4658533337414359	0.5434350836625972	0.137890768863957	0.7006219217114124	0.649018980804127	0.7476090390918528	0.382141144175038	0.5495013462031094	0.5062988403020245	0.5878936307954079	0.6611029999573966	0.6184250530309527	0.7045227660777899	0.0815450643776824	0.11624139327663022	0.11467801198994391
atac_33387_rna_17961_cells_1000	multiome_powerlaw_v3	0.5962492391891112	0.545584894396479	0.6411828646581628	0.5124167867017909	0.47189807196994804	0.5498355897293119	0.142836176747471	0.6610791760363484	0.6120007875513509	0.7140663110913994	0.374759939529177	0.5593505683141415	0.5201868205211302	0.6028880866425993	0.6785584771971487	0.63284823642241	0.7189878828050025	0.07939914163090128	0.12586067233697854	0.12376716302456005
atac_20000_rna_17961_cells_1000	multiome_powerlaw_v3_noTPMfilter	0.5957503155547715	0.5385181551319099	0.6424322451595423	0.522294346554173	0.48018555268061064	0.558225323180519	0.140648363929335	0.6851251737440006	0.6392003995052912	0.7372041127251937	0.374756122468134	0.5644045239976461	0.5237749259073468	0.6075047246209512	0.6667012778805101	0.6290464713889614	0.707050894206957	0.08369098712446352	0.13578371810449574	0.1334364726358538
atac_20000_rna_17961_cells_500	multiome_powerlaw_v3_noTPMfilter	0.5935004793683178	0.5395921491842377	0.6388330663937307	0.48329125937738865	0.4458287739235244	0.5204529185828132	0.109018799005193	0.6871531186895661	0.6337120945366728	0.7372987715142222	0.330382207822703	0.5724910343751647	0.530041676397885	0.6139703495811414	0.6548678114381807	0.6130059427306044	0.6944444444444444	0.10085836909871244	0.16342648845686514	0.16060723264358925
atac_2000_rna_2000_cells_5000	multiome_powerlaw_v3	0.5931118311220394	0.5383234674184161	0.6398848775699787	0.4991335055221326	0.46342280563132476	0.5376175548589341	0.127361340853348	0.6542544285554086	0.6014858107518882	0.7013387752662924	0.340453769870322	0.5710772941665727	0.5295206396218004	0.6103439479992345	0.6679744157497605	0.6244646346297431	0.711388188200803	0.09227467811158799	0.153199675982179	0.1504544575517308
atac_20000_rna_17961_cells_1000	multiome_powerlaw_v3	0.5908944499459367	0.536542022514069	0.6355367263786322	0.5143017793687358	0.4766239966909202	0.5544839973195477	0.134442305307704	0.6824904607644829	0.6294237467273818	0.7278106179780648	0.371608271369956	0.5626637445253179	0.5233347860652005	0.6068014652601452	0.6618333129744193	0.6192922612218361	0.7026439286105974	0.08369098712446352	0.13578371810449574	0.1334364726358538
atac_30000_rna_17961_cells_1000	multiome_powerlaw_v3	0.590811093451845	0.5378753155832924	0.6364088582218306	0.4743170351904853	0.43744851765969717	0.5122330331376383	0.118125885941032	0.6890452067649288	0.6349813696191735	0.7330499412999866	0.363120758107268	0.5756787005740619	0.5384615384615384	0.6174296474581605	0.6704367028942552	0.6242012205719752	0.7081146221844244	0.08798283261802575	0.1266707168894289	0.1249274801779153
atac_30000_rna_17961_cells_500	multiome_powerlaw_v3_noTPMfilter	0.5893538187452516	0.53798928997717	0.6347046172238922	0.5146845954890991	0.47401131126880824	0.5525912562405019	0.129146508961805	0.6987726810368217	0.6499887704573708	0.7437894874041486	0.366377346608675	0.577112274932114	0.5316164093758301	0.6195275894180808	0.6636442781670754	0.6158946393920338	0.7022197352523564	0.08583690987124463	0.15087079789388416	0.14794043705279444
atac_4000_rna_4000_cells_2000	multiome_powerlaw_v3_noTPMfilter	0.5880735595796824	0.5382509437514139	0.6358767810379075	0.5081795185103057	0.4711385870387413	0.5477308294209703	0.128830526352796	0.6609581689347601	0.6072042484169078	0.710956702754409	0.308756992593805	0.559917438061117	0.5170623841819587	0.5985289854284571	0.6434943109584442	0.6	0.6827133479212254	0.08583690987124463	0.16342648845686514	0.15993038097079867
atac_10000_rna_10000_cells_1000	multiome_powerlaw_v3_noTPMfilter	0.5867215839121848	0.532273397521893	0.6292298135237097	0.5261521562853195	0.4875828924400154	0.5668598537671862	0.139721566975529	0.6640870634284861	0.6231632755078729	0.7187428582255849	0.347433898872873	0.570924327483347	0.5296367112810707	0.6157063551507488	0.6547295143719353	0.6087066876438004	0.6942060270774283	0.09227467811158799	0.16221142162818955	0.15906014310578226
atac_33387_rna_17961_cells_100	multiome_powerlaw_v3_noTPMfilter	0.5866732815423128	0.538538614043183	0.634491025358108	0.48538513112669135	0.4516949385336324	0.5265035731618163	0.107552399603309	0.6783274256914095	0.6279435408670361	0.7279017911698282	0.31766529199974	0.5723674942333734	0.5313053669599906	0.6194462859258959	0.6110779470053417	0.5690785735924458	0.656840647113273	0.10085836909871244	0.2300526528959093	0.22423128988590216
atac_20000_rna_17961_cells_500	multiome_powerlaw_v3	0.5847899538629199	0.5329984098831644	0.6287344605980006	0.4692147196382042	0.4360861341839028	0.5068864440504722	0.100683456721312	0.678718989722536	0.6339405968750852	0.7286100772267188	0.323959456310468	0.5720813179062427	0.5288743462527093	0.6157936160692097	0.6482277485343425	0.6029793506769472	0.6916236477286092	0.10085836909871244	0.16342648845686514	0.16060723264358925
atac_30000_rna_17961_cells_500	multiome_powerlaw_v3	0.5843039054547252	0.5331811620491697	0.6279335426039783	0.5051259396410246	0.46749215383212384	0.5438594225335405	0.124577475218749	0.6837252355376765	0.6370020054437736	0.7340274160390153	0.353356026729371	0.576573485227793	0.5340847747977413	0.6175410091637109	0.6571330853849467	0.6118107196680581	0.6956291004020819	0.08583690987124463	0.15087079789388416	0.14794043705279444
atac_2000_rna_2000_cells_7821	multiome_powerlaw_v3_noTPMfilter	0.5839114752531319	0.5359811368378431	0.6322438983443036	0.5071174426089173	0.47201117772082835	0.5441597636072489	0.137168390340088	0.633488628949795	0.5816531722788062	0.6794967919782535	0.319816284424503	0.5583633655798798	0.5127405678086856	0.5960074990284219	0.6631509733997666	0.6217284452075497	0.7028275883993722	0.09012875536480687	0.14165654110976103	0.139334751498743
atac_4000_rna_4000_cells_2000	multiome_powerlaw_v3	0.5827922885301859	0.5251574750724682	0.6257372924286742	0.5063123464688113	0.468464134028351	0.5452508108025851	0.124736416843274	0.6542547833273261	0.6006821607000009	0.7023844833433482	0.30606422071776	0.5588780984561896	0.5151515151515151	0.5966778851783879	0.6371971301670081	0.593652040862189	0.6818181818181818	0.08583690987124463	0.16342648845686514	0.15993038097079867
atac_2000_rna_2000_cells_7821	multiome_powerlaw_v3	0.5816933822311922	0.5288463962600425	0.6256690443825174	0.5036620312347786	0.46376409027812493	0.5442484966034646	0.134341634589696	0.6322859177877409	0.5837405415581594	0.6824961862430942	0.319211183982207	0.5572301191423896	0.5185421139356993	0.6018032895445543	0.6589980895548851	0.6106382978723405	0.6981403776686746	0.09012875536480687	0.14165654110976103	0.139334751498743
atac_33387_rna_17961_cells_100	multiome_powerlaw_v3	0.5796268140483825	0.5300273856089233	0.6316570526278809	0.482648586667267	0.4434730474721695	0.5177025039894195	0.104657650752394	0.6766319453866059	0.6301222546256842	0.7278082350620868	0.313876359035835	0.570038638805327	0.5230336556887069	0.6144261837028586	0.6050926051217057	0.5565952388665243	0.6515210183000263	0.10085836909871244	0.2300526528959093	0.22423128988590216
atac_4000_rna_4000_cells_5000	multiome_powerlaw_v3_noTPMfilter	0.5779714600387263	0.5295676583609767	0.6245242072767037	0.4955190555037807	0.45703333081993164	0.5338426403871074	0.131029307775461	0.6631312644660238	0.6131188051298837	0.7110342773877432	0.338919496678557	0.5552143315447559	0.5083890978318347	0.5942862072783537	0.6636252831669336	0.618990673069343	0.7057756633159704	0.08369098712446352	0.14023896314297285	0.13769096886482304
atac_33387_rna_17961_cells_500	multiome_powerlaw_v3	0.5778788932818288	0.5265689208089707	0.6254723495746197	0.47220742257105486	0.43841383727995376	0.5100282864042945	0.114401583355926	0.6577817065992656	0.5991257358232358	0.7005638051252766	0.334774278725674	0.5488967376961131	0.5092598590188712	0.5932553543989012	0.6389692767187426	0.6	0.6827848056759402	0.0944206008583691	0.14175779667881733	0.1396248307870818
atac_10000_rna_10000_cells_1000	multiome_powerlaw_v3	0.5775677370495977	0.5300311957753957	0.6291004199584284	0.5038034992178337	0.46708866092698886	0.5460395444254029	0.12329205288441	0.6619024821180753	0.6140845070422535	0.7068987687581342	0.340618429557526	0.5688833122863837	0.5219205601982242	0.607530953042545	0.6470263425501671	0.6025498695010568	0.6896094009725782	0.09227467811158799	0.16221142162818955	0.15906014310578226
atac_33387_rna_17961_cells_500	multiome_powerlaw_v3_noTPMfilter	0.5774285377726107	0.523808917417718	0.6280360083797119	0.47825863893667037	0.44024462421615607	0.5141164549040179	0.11773004338628	0.6568782629369087	0.606450941518252	0.703742327064297	0.335071632168729	0.549260240440282	0.509374371807081	0.5886815181794098	0.6418010837871275	0.590617954875557	0.6807653050642415	0.0944206008583691	0.14175779667881733	0.1396248307870818
atac_4000_rna_4000_cells_7821	multiome_powerlaw_v3_noTPMfilter	0.5767391631815071	0.5230545910976847	0.6253574143758075	0.4797506137903483	0.44371724437206367	0.515758672498227	0.124664257908007	0.6694244879649193	0.6221191830812564	0.7256243801225938	0.364864029283273	0.5567027813845955	0.5129218891592269	0.5943507360756892	0.6672365794882463	0.6244423282742728	0.7071102004534805	0.09227467811158799	0.13051842851356824	0.1287952040224328
atac_4000_rna_4000_cells_7821	multiome_powerlaw_v3	0.5758705563136854	0.5191961509656465	0.6248486415696983	0.47410170118916245	0.4346974910594288	0.5108853410740203	0.120032192103387	0.6708850011623021	0.6224427935653019	0.7188498121831015	0.368986785013453	0.5558030304845543	0.5121152873502953	0.5948737215112042	0.6652800996557047	0.6212323382612311	0.7055929298769806	0.09227467811158799	0.13051842851356824	0.1287952040224328
atac_4000_rna_4000_cells_5000	multiome_powerlaw_v3	0.5729271428194674	0.5245357597385493	0.6248296143003963	0.49008157122600254	0.4528023598820059	0.5293263379132166	0.126060138638992	0.6620708034511859	0.6161389610651926	0.7111717199379558	0.33882795003221	0.5558556235149441	0.5147769181819123	0.5943210109370962	0.6587491171052693	0.6130258562984024	0.6983599618002306	0.08369098712446352	0.14023896314297285	0.13769096886482304
atac_30000_rna_17961_cells_200	multiome_powerlaw_v3_noTPMfilter	0.5724746050201353	0.5234718273403239	0.6208886134646295	0.48816620828065355	0.4496160607547512	0.5244643464663167	0.105675915383726	0.6702917399533953	0.6174874127984769	0.7204397225333026	0.314137257612177	0.5731050568206802	0.5316942427725214	0.6185251716448769	0.6367481381042546	0.5861691897326461	0.6765420113653388	0.11158798283261803	0.18681652490887	0.1834268033262425
atac_33387_rna_17961_cells_200	multiome_powerlaw_v3_noTPMfilter	0.5719401685617911	0.524065426747527	0.6178093319185675	0.5039399069345287	0.4695084009909286	0.543893254693128	0.129254555741227	0.6682335894325803	0.6153867705394843	0.7160789628413256	0.316399526376394	0.5628305174088809	0.5181975662616051	0.6080450123596421	0.6548789933821904	0.6091860240827515	0.6955319053154052	0.09227467811158799	0.17891859052247874	0.17501450396441695
atac_1000_rna_1000_cells_7821	multiome_powerlaw_v3_noTPMfilter	0.568886690718954	0.5167468914177954	0.6158216987987254	0.4981714281539587	0.46092965197440533	0.5379978957410283	0.115103199424274	0.6723030861565541	0.6198552261354581	0.7218844718764265	0.324973178199412	0.5710273556766037	0.5295280258769747	0.6129654393448918	0.6497189801052208	0.6034190499198883	0.6901090397106803	0.09871244635193133	0.16879303361684891	0.165635273641462
atac_1000_rna_1000_cells_7821	multiome_powerlaw_v3	0.5672591771000195	0.5135242711312433	0.614267558656254	0.4987875522288025	0.4636813488705918	0.5374310576514024	0.114778667171916	0.6695879179489873	0.6260869565217392	0.72	0.317649080469832	0.5718432652378703	0.5332076814873885	0.6165121998679891	0.6462812162194186	0.6028925503334324	0.6872626904312725	0.09871244635193133	0.16879303361684891	0.165635273641462
atac_1000_rna_1000_cells_5000	multiome_powerlaw_v3_noTPMfilter	0.5653087801518418	0.5116437568574359	0.6094972708942282	0.48042473140010633	0.44389571657582017	0.5190776897387421	0.105807173247414	0.6801421748235482	0.6281640140412447	0.7294595984248209	0.317045546475674	0.5774952956575946	0.5325996972312571	0.6188320032274597	0.6351327304324157	0.5907520931293135	0.6776885603107483	0.11373390557939914	0.19987849331713245	0.19599690582092438
atac_30000_rna_17961_cells_200	multiome_powerlaw_v3	0.5645821014747285	0.5145558617215485	0.6119671207266701	0.48194178353224465	0.44380622377386797	0.5195685626896955	0.100467082136662	0.6691903328326477	0.6180747825445219	0.717416112326901	0.310291550069913	0.57054289124656	0.5290307075220385	0.6128346168722744	0.6271989703931274	0.5821054078384016	0.6681290245742576	0.11158798283261803	0.18681652490887	0.1834268033262425
atac_33387_rna_17961_cells_200	multiome_powerlaw_v3	0.5641300714668208	0.5116473293969888	0.6089450005732128	0.48507035140110627	0.4475708979476261	0.5204037058015337	0.116947280305383	0.664647999409379	0.6123109795275559	0.7111483802856341	0.314195795354965	0.5605855374333676	0.5153765517568405	0.6028475083466481	0.6468755233928091	0.5999338919296421	0.687365055935741	0.09227467811158799	0.17891859052247874	0.17501450396441695
atac_2000_rna_2000_cells_2000	multiome_powerlaw_v3_noTPMfilter	0.5593633225981594	0.5055499922371111	0.6063754771210518	0.43202216816009176	0.3951487460813901	0.4670769311030115	0.0813276914583325	0.6622912547345163	0.6156202810645065	0.7107314210064719	0.298978151614958	0.5708937291749078	0.5256665524896234	0.6145299310109057	0.6152255899822481	0.5677314701897298	0.6550317551702608	0.12017167381974249	0.2180032401782098	0.21359504931347903
atac_2000_rna_2000_cells_2000	multiome_powerlaw_v3	0.5573853315684386	0.5009248572926313	0.6060465857470845	0.42803183462858513	0.39292299072357206	0.46319970061604515	0.0790632427253983	0.658127814682888	0.6081028799214053	0.7062304585464128	0.291270037087064	0.5700825788327053	0.5304104642361948	0.6112250716940961	0.6100838446740495	0.5698972273011972	0.6574811763042293	0.12017167381974249	0.2180032401782098	0.21359504931347903
atac_20000_rna_17961_cells_200	multiome_powerlaw_v3_noTPMfilter	0.557237487759156	0.5017685867486698	0.6032943837566846	0.4701555078874109	0.43326552897800463	0.5109686673695223	0.100223126767678	0.6790200120375448	0.6320684506614258	0.7250283452107485	0.302612503270262	0.5690655583863481	0.5242568970351782	0.6121444578872507	0.6195190792957437	0.5720263029600178	0.6602566574774554	0.12660944206008584	0.21516808424463346	0.2111777219106556
atac_10000_rna_10000_cells_500	multiome_powerlaw_v3_noTPMfilter	0.5565349743810714	0.505436824271244	0.6040241940920852	0.43733486585822134	0.40286365236694544	0.471077266444579	0.0837068410526242	0.6462806736806692	0.5957383767492943	0.6960778473571001	0.284824883785589	0.559916880411982	0.5175068254072338	0.6032182582083454	0.6056103573946088	0.5626282015292826	0.6479729433344429	0.12446351931330472	0.1968408262454435	0.19357957841810094
atac_1000_rna_1000_cells_2000	multiome_powerlaw_v3_noTPMfilter	0.556365515904007	0.5039304354245847	0.5999075662591707	0.42657799241001343	0.3923397440214759	0.4604458040454359	0.0642663515874004	0.6600632040620303	0.6036924224354461	0.7027883891881533	0.253457771121682	0.5849386734356544	0.5357774992004648	0.6288754550853453	0.5820066549811483	0.5375346009547917	0.6245847935539485	0.12875536480686695	0.2772377480761442	0.2705472829239992
atac_1000_rna_1000_cells_5000	multiome_powerlaw_v3	0.5562560466512761	0.5046812689312165	0.6013920468365376	0.46036214460365604	0.4254609329237614	0.5	0.0963644977519118	0.6774035573882207	0.6275010202134746	0.7248226133781492	0.309995380631067	0.5726766643656973	0.5280512789267963	0.6166541226312616	0.6260959939682886	0.5782840392794256	0.6664515464016177	0.11373390557939914	0.19987849331713245	0.19599690582092438
atac_10000_rna_10000_cells_500	multiome_powerlaw_v3	0.5532960708035434	0.5063356393465581	0.5984186701115575	0.42971552127101337	0.39738420842413646	0.4671232876712329	0.080649687217443	0.6417103208243357	0.591637855759173	0.6904766261851728	0.280735006064341	0.559315140733983	0.5176708851320498	0.6052426510988667	0.6011877989016488	0.5559529880285224	0.6437012440211244	0.12446351931330472	0.1968408262454435	0.19357957841810094
atac_4000_rna_4000_cells_1000	multiome_powerlaw_v3_noTPMfilter	0.552406085232263	0.4993877164034205	0.5991336600576793	0.40975083109608645	0.3744233477806109	0.4423230396686863	0.0711819317898624	0.6796131634064834	0.6251458598345027	0.724115768935039	0.293556541984742	0.5820999794127959	0.5394368116425108	0.6257793557969467	0.6049470701295013	0.555314478255322	0.6455208461878044	0.13304721030042918	0.2122316727420008	0.2086637014117192
atac_20000_rna_17961_cells_200	multiome_powerlaw_v3	0.5515817350558159	0.4968118767773527	0.6008310296268575	0.45451271840188556	0.4196088842186202	0.49042207177507036	0.0871465370164778	0.6611731861993122	0.6162253141905075	0.7174345365340737	0.286783336146743	0.5690394103212807	0.528809593529316	0.6158666897306277	0.6094984421260835	0.5638009227392974	0.6517185873327122	0.12660944206008584	0.21516808424463346	0.2111777219106556
atac_1000_rna_1000_cells_2000	multiome_powerlaw_v3	0.5470900936413999	0.49896409243105044	0.5942048511381555	0.40571477747173323	0.375	0.4402685449472115	0.0578947475247006	0.6461363007185916	0.5978679076113437	0.6962606937206932	0.239754066080048	0.5803896512022761	0.5338468592532623	0.6236270533519238	0.5732856344663811	0.5289897394812705	0.6170910991307016	0.12875536480686695	0.2772377480761442	0.2705472829239992
atac_4000_rna_4000_cells_1000	multiome_powerlaw_v3	0.5457773343460562	0.49403336998049746	0.5898026369735291	0.39872961356864717	0.36435567143169256	0.4303650844131571	0.0665240915689581	0.6750411861001115	0.625	0.7217868252631714	0.290532825496485	0.5774000503486432	0.5361507918835102	0.6218448413187859	0.5993878399113951	0.5509910051883302	0.6408566197912795	0.13304721030042918	0.2122316727420008	0.2086637014117192
atac_30000_rna_17961_cells_100	multiome_powerlaw_v3_noTPMfilter	0.5382950409587971	0.48586597646543733	0.5815068428838406	0.4185008678300052	0.3836484979115529	0.4518303461771854	0.0754973428637791	0.6561128598274223	0.6017209947829264	0.7036923179353081	0.282366435609597	0.5471919827171046	0.5072920666438775	0.5941576021060447	0.5901149589829313	0.545354671696984	0.6317885808884809	0.13733905579399142	0.23298906439854192	0.22867917230709728
atac_30000_rna_17961_cells_100	multiome_powerlaw_v3	0.5346167250647579	0.48333702103611137	0.5870013285202021	0.41118571970411966	0.3742920672424522	0.44236915814171557	0.0736939021363574	0.6559366009622605	0.6061531865370096	0.7068777379580502	0.280433591376528	0.5486953511819127	0.5039275936523288	0.5886138415399846	0.5881223530200828	0.5441106095075763	0.6304380103334539	0.13733905579399142	0.23298906439854192	0.22867917230709728
atac_4000_rna_4000_cells_500	multiome_powerlaw_v3_noTPMfilter	0.5301869411268655	0.4796001336615447	0.5784266871658037	0.3666337840550981	0.3356758370419468	0.3972440621798492	0.0477864340196366	0.6462335719255122	0.5948410941361381	0.6888888888888889	0.243450634949008	0.6097879435801027	0.566031013114025	0.6580366955613931	0.5651480882157205	0.5131992074473318	0.6058380561946425	0.16738197424892703	0.2745038477116241	0.26967704505898277
atac_10000_rna_10000_cells_200	multiome_powerlaw_v3_noTPMfilter	0.5295537262089276	0.47788163425281127	0.5774550796099647	0.382593979804347	0.3488014529075336	0.4164633840300437	0.0542478865186945	0.6020547915630569	0.5530154656917966	0.6492542359766595	0.209192198287337	0.5677847754013635	0.5219664131089798	0.6111280392632849	0.5299848202034555	0.48662901127471714	0.5734451429452229	0.17167381974248927	0.255771567436209	0.2519822084703152
atac_2000_rna_2000_cells_1000	multiome_powerlaw_v3_noTPMfilter	0.5290014251888628	0.4793875472865564	0.5752511769807666	0.38274968145700006	0.34989865939931764	0.41781194057527316	0.0510753645132352	0.6310887740605368	0.5792875360942257	0.6744916882488003	0.237814927491275	0.5766837073949491	0.5282569818671865	0.6245911671204689	0.5592788575176169	0.5172875599524379	0.6019614418079094	0.1630901287553648	0.2887808829485622	0.2831173854186811
atac_20000_rna_17961_cells_100	multiome_powerlaw_v3_noTPMfilter	0.5288453027042366	0.4702155017468654	0.5765110345086278	0.39779591396113656	0.3640000882981362	0.42874067943014416	0.052240035514959	0.6232365950049884	0.5702113531849378	0.6683635399802919	0.233122951995166	0.5703906285912655	0.5257100669912137	0.6129357871011839	0.5770391825142319	0.5358177400633074	0.6207967842942532	0.148068669527897	0.2972863507492912	0.2905627538193773
atac_10000_rna_10000_cells_200	multiome_powerlaw_v3	0.5275704302024152	0.47714027432730083	0.5749008865229868	0.3741998146693338	0.3432154614323961	0.4070429136905594	0.051763041603536	0.6038703902157899	0.552396593826356	0.6472288969044581	0.209130583534624	0.569347531587392	0.5183460920738734	0.6159780245591798	0.5278094115822921	0.4857138799138555	0.573263312758985	0.17167381974248927	0.255771567436209	0.2519822084703152
atac_2000_rna_2000_cells_1000	multiome_powerlaw_v3	0.527091268088493	0.4737765724958153	0.5740087802214777	0.37526105219847766	0.34513330344170867	0.40958462970492376	0.0486966208350207	0.6225752325145172	0.5741984044067704	0.6693508275868784	0.231864697956911	0.5762107537863241	0.5327984358446752	0.6210830033326126	0.556410568760647	0.5042114469672592	0.5963904210748419	0.1630901287553648	0.2887808829485622	0.2831173854186811
atac_2000_rna_2000_cells_500	multiome_powerlaw_v3_noTPMfilter	0.525648184976503	0.46731121568654493	0.5709537482390692	0.3525351560789057	0.32558640337770167	0.38752914890124923	0.0394173986051661	0.6057572582726302	0.5533092006496234	0.6502663194258224	0.182795690325708	0.5965202970925605	0.5515274274463126	0.6466211999963764	0.5063696835016279	0.46311354172986263	0.5507028605210373	0.1781115879828326	0.3502430133657351	0.34248694643202476
atac_20000_rna_17961_cells_100	multiome_powerlaw_v3	0.5173896678328583	0.4672759726449305	0.5713364227736683	0.3789503067934713	0.3498541674768705	0.4185050576380337	0.0474410305000881	0.6140690487758869	0.5623516172394631	0.6570970449159761	0.223631715276115	0.5698263535637172	0.5252230193427824	0.6148839627292251	0.5682817381214406	0.5262031940214551	0.6173851495152969	0.148068669527897	0.2972863507492912	0.2905627538193773
atac_4000_rna_4000_cells_500	multiome_powerlaw_v3	0.5171145943538427	0.46389640747896677	0.5607807242435944	0.3359065689532077	0.30776888223858756	0.3686028539559301	0.0409845381929339	0.6309124789054755	0.5765212004954774	0.6752596320106107	0.229844330539768	0.6076245234482167	0.5595792345075179	0.6551002925680427	0.5523149427730331	0.5051524202658432	0.5915698555097618	0.16738197424892703	0.2745038477116241	0.26967704505898277
atac_2000_rna_2000_cells_500	multiome_powerlaw_v3	0.5091970946189925	0.46075419159219444	0.5593992829782315	0.316168905680574	0.2857142857142857	0.34259844896842384	0.0317164822951481	0.589234360092619	0.5324272405280644	0.6378751660790112	0.170616797200626	0.5920205159274143	0.5446457340162157	0.639181033374252	0.4913590430022425	0.4492099322799097	0.5363799867600547	0.1781115879828326	0.3502430133657351	0.34248694643202476
atac_33387_rna_17961_cells_2000	scATAC_ABC	0.5049692175698598	0.451011531725171	0.5549055707563905	0.40990763089331517	0.3762685877287688	0.4420290628048956	0.014425	0.5730683287607852	0.5260640073022209	0.6213402098571229	0.033902	0.4206345602056761	0.3875064546994208	0.4546011119478842	0.6966556053581529	0.6507218345862549	0.734154830569096	0.07510729613733906	0.1122924260834346	0.11061690195320054
atac_10000_rna_10000_cells_2000	scATAC_ABC	0.5028813313662641	0.4444350031031899	0.5511667415995275	0.42712197016640824	0.3896176910043729	0.45999324025528787	0.015234	0.5399161505616048	0.4939764396747484	0.5907517563382009	0.031419	0.4170829891821311	0.38553236400192753	0.45250992123020917	0.6992071575606399	0.6526032385059158	0.7391841083292433	0.07725321888412018	0.13163223977318753	0.12918197640688456
atac_30000_rna_17961_cells_2000	scATAC_ABC	0.5012957917093546	0.44187790251608217	0.5493546611804351	0.4208805910544194	0.3884959831374227	0.45951489626578457	0.015115	0.5551039183320498	0.5084160876092179	0.6006683086208742	0.033163	0.4199988190007119	0.3849727152138888	0.45583787820381977	0.6993487427741096	0.6612978782796829	0.7385734317700613	0.06866952789699571	0.11138112596192791	0.1094565847998453
atac_20000_rna_17961_cells_1000	scATAC_ABC	0.5003650308749232	0.44434726879235215	0.5458525221334424	0.4053064132588588	0.37455090231341226	0.442325819718344	0.014029	0.5512936527219556	0.5035564510972658	0.6034345955227768	0.031611	0.4259612932520856	0.39739952879352475	0.4649884023730987	0.6859546020805662	0.6428571428571429	0.7252218063929767	0.08369098712446352	0.13578371810449574	0.1334364726358538
atac_20000_rna_17961_cells_5000	scATAC_ABC	0.49932326429584034	0.4522144401216673	0.5524771939404397	0.41914769106304234	0.385007097812822	0.453257131688677	0.014942	0.5569130591159255	0.5097278113830903	0.6071943190434013	0.032836	0.4176695420511805	0.38546061445357666	0.455893582474165	0.6991212099962428	0.6552926340677468	0.7351780257912937	0.07510729613733906	0.11097610368570271	0.10935989170373235
atac_10000_rna_10000_cells_100	multiome_powerlaw_v3_noTPMfilter	0.49837892663256333	0.4461155688181272	0.5452266812360558	0.37633697274747496	0.3456500766549883	0.4078010993513035	0.0472413435820612	0.5890772193953366	0.5409280894375511	0.6339400662818477	0.182808995894522	0.5837932215015498	0.529266088328324	0.625	0.5084885231880162	0.4650433038905113	0.5543647645472137	0.17167381974248927	0.33697853381936005	0.3295300715528911
atac_10000_rna_10000_cells_7821	scATAC_ABC	0.49805380758008616	0.4462883839413361	0.5463807568353914	0.422859592262456	0.3891736801283849	0.45944942324328536	0.015144	0.5470670094198438	0.5023613349757547	0.5951809296798853	0.031842	0.4215081837560092	0.3857874026773032	0.45524541250423284	0.7049918693653859	0.6618604953422597	0.7409395962063624	0.06866952789699571	0.11269744835965978	0.11071359504931348
atac_33387_rna_17961_cells_100	scATAC_ABC	0.49738232347671657	0.4472690678278416	0.5463130045428267	0.35321434862643036	0.3226141900588066	0.38407237406096206	0.010647	0.5475900647475428	0.5028366449170023	0.5908224679836819	0.027893	0.4309721196624696	0.39407591218809485	0.4682211424110321	0.6521905381342751	0.6107373371953349	0.6941004731279803	0.10085836909871244	0.2300526528959093	0.22423128988590216
atac_20000_rna_17961_cells_2000	scATAC_ABC	0.4968673059743595	0.44363190406231134	0.5456784120305919	0.3640935163498643	0.3336954046313053	0.3973875635020225	0.012511	0.5435288389052987	0.49750425075684307	0.5917629682765205	0.031181	0.4112409235611385	0.37784349417140506	0.44574893132544496	0.685075368015637	0.6391929668096428	0.7267683670455263	0.0815450643776824	0.11624139327663022	0.11467801198994391
atac_10000_rna_10000_cells_100	multiome_powerlaw_v3	0.4959294286915248	0.4446978900447686	0.5480252249699602	0.3733174825812806	0.34488630447297913	0.40886659026777866	0.0467518877398216	0.5854363585713056	0.528653090515887	0.6307266422318392	0.180081604342617	0.5824591815535514	0.5328203537761292	0.6265533036122671	0.5063475617568706	0.4596159422409574	0.5516568597848819	0.17167381974248927	0.33697853381936005	0.3295300715528911
atac_2000_rna_2000_cells_5000	scATAC_ABC	0.49388743849548394	0.44122439403661384	0.5448617275637619	0.413198636813373	0.38309482189642713	0.45101212924486866	0.013911	0.5650272885434023	0.5186724877560873	0.6171109272008276	0.032697	0.43333838257833646	0.3992075079482347	0.4705110175340972	0.6961724605231734	0.655251284916766	0.7399255719224915	0.09227467811158799	0.153199675982179	0.1504544575517308
atac_10000_rna_10000_cells_5000	scATAC_ABC	0.49375037388309	0.4399388470409651	0.5438045610380127	0.41782991793035845	0.3830201179602928	0.45188878936318816	0.015231	0.5423307799838836	0.4932538674185405	0.5856481481481481	0.032375	0.41811022741524534	0.38408140158027687	0.45021314721932393	0.7035096995785245	0.6586506969018078	0.7406133404735392	0.07510729613733906	0.11441879303361685	0.11264745697157223
atac_30000_rna_17961_cells_1000	scATAC_ABC	0.49262949541508566	0.4403170297532255	0.5405703535898868	0.3814211427483938	0.34492971367746356	0.4096226862004032	0.012507	0.5423046722059199	0.4934428437820603	0.5901621306561922	0.031428	0.414675208627969	0.3793526859724724	0.45050532177982505	0.6770437043593944	0.6313083438790208	0.715471107945516	0.08798283261802575	0.1266707168894289	0.1249274801779153
atac_10000_rna_10000_cells_1000	scATAC_ABC	0.4921369833251541	0.4312130315237752	0.5368847441390188	0.4075986114130374	0.3725551692414453	0.4394032935839224	0.013364	0.5506424280252095	0.5060064756216522	0.5959041598984894	0.03135	0.42922073426686563	0.3919730294367878	0.4660894270135865	0.6723783998765036	0.6306800095318215	0.7183406113537117	0.09227467811158799	0.16221142162818955	0.15906014310578226
atac_33387_rna_17961_cells_5000	scATAC_ABC	0.491812980440737	0.4388679143536	0.5401888038382254	0.3820751959315745	0.35253028919567153	0.4150719728855536	0.013358	0.5511572376118415	0.5037215588146162	0.5977479819422686	0.032211	0.41211379236831713	0.3785848195987183	0.4454622229201782	0.6908820675225686	0.6482310866830279	0.7296865315406084	0.07725321888412018	0.10388821385176185	0.10268806807193967
atac_30000_rna_17961_cells_500	scATAC_ABC	0.49025334166539186	0.4443451037280371	0.5406062874311571	0.39922634878125224	0.3641953202129583	0.43132701118193323	0.0137	0.5522569664798976	0.5023466290256692	0.5965770171149144	0.032095	0.4173990946987454	0.3842128016264886	0.44899535003305185	0.6834806939543846	0.6464227284464821	0.7274707814990424	0.08583690987124463	0.15087079789388416	0.14794043705279444
atac_1000_rna_1000_cells_7821	scATAC_ABC	0.4872570025249233	0.4283512924740653	0.5336269301055023	0.39485968987339143	0.3607161699431548	0.42635427770804607	0.013276	0.5318464650760197	0.4857975749967389	0.5773561420499864	0.029373	0.4185233016455974	0.38241350751347225	0.45182457648923835	0.6743469713056103	0.624812631117168	0.7139820532425943	0.09871244635193133	0.16879303361684891	0.165635273641462
atac_4000_rna_4000_cells_5000	scATAC_ABC	0.4871753957839262	0.42945124601811147	0.5340244942706003	0.3894925050151908	0.35799395802581446	0.4240883519198153	0.013132	0.5354589583479096	0.4936068325487141	0.5873834840690331	0.032058	0.4121689927441376	0.3793850778354741	0.45325902720306177	0.6781414870831948	0.6342134994608413	0.7145972735275802	0.08369098712446352	0.14023896314297285	0.13769096886482304
atac_1000_rna_1000_cells_1000	multiome_powerlaw_v3_noTPMfilter	0.48708931838841796	0.43033183526574625	0.5349665350093991	0.2599834095784334	0.23647352009143885	0.28483098284433334	0.0252822752367446	0.5786304786884289	0.5283248191768213	0.6240956076025366	0.176601931105944	0.57893280732613	0.5297159141568945	0.6251685400913815	0.4996923782307615	0.45243275419993123	0.5445364680588868	0.20600858369098712	0.31004455245038476	0.3053567975246567
atac_20000_rna_17961_cells_7821	scATAC_ABC	0.4858657249229355	0.431558995352444	0.5355292801394541	0.40179430899422774	0.369534016784394	0.43596505200510133	0.014145	0.5420215146067069	0.4899119771332705	0.585869239139006	0.031499	0.41641721317288477	0.38337210308299813	0.4516951512998756	0.6917618561809546	0.6457465789003329	0.7305191850170956	0.07939914163090128	0.10844471445929527	0.10713595049313479
atac_33387_rna_17961_cells_7821	scATAC_ABC	0.48545248594683477	0.43400830192974055	0.5348523092764165	0.417152619635372	0.3867871246037104	0.45371940998081944	0.015137	0.5525166257844344	0.5048212715204263	0.5989134615471927	0.03293	0.4180632535547963	0.3842110875832094	0.45438790820035113	0.7014406038301035	0.6573239694807395	0.7383952842494369	0.07939914163090128	0.10510328068043742	0.10394507832140785
atac_30000_rna_17961_cells_5000	scATAC_ABC	0.48537209699657397	0.4357455312571585	0.5360898422156674	0.4066065584421234	0.37497675808604464	0.43989626326737535	0.014501	0.5569894890999467	0.5105088199664789	0.6045384780479073	0.033354	0.4148760281666466	0.38051968010960296	0.4497581517488907	0.6946159546941224	0.6526139316045859	0.7351026608335315	0.0815450643776824	0.10550830295666262	0.10442854380197254
atac_4000_rna_4000_cells_2000	scATAC_ABC	0.4846307747724842	0.43372514216980707	0.5404886222685333	0.3875991082014364	0.3555565120533065	0.42304215267121215	0.012982	0.5655588846993123	0.517154789752731	0.6123454952278099	0.031298	0.42238783422260917	0.38874107816879017	0.4560464447300882	0.6841404070727333	0.641241705613533	0.7201415960633518	0.08583690987124463	0.16342648845686514	0.15993038097079867
atac_30000_rna_17961_cells_7821	scATAC_ABC	0.4844361608110861	0.4298730983781017	0.5341036291424147	0.39960866922645416	0.36751198217730247	0.4328669121413484	0.014138	0.5432189117866956	0.49399325295436025	0.5859908485080192	0.031935	0.4143406624109207	0.38320710050052953	0.4511363720046965	0.6948495771483033	0.6505591044246583	0.7356948754793282	0.0815450643776824	0.10540704738760631	0.1043318507058596
atac_4000_rna_4000_cells_7821	scATAC_ABC	0.4837649765638738	0.42387326226270744	0.5315530417516678	0.38181945629046815	0.35020015877992255	0.41472071050935133	0.012709	0.529392801534671	0.48323840106474775	0.5785420223361226	0.030623	0.41398765493357337	0.37975237699630393	0.4512191630902217	0.6797586272821514	0.6376573381577805	0.7209726680828036	0.09227467811158799	0.13051842851356824	0.1287952040224328
atac_1000_rna_1000_cells_5000	scATAC_ABC	0.48318986712645073	0.42958475073981234	0.5268951418890243	0.3721025019622023	0.34123796519117766	0.4017890853783898	0.011933	0.5448882250575273	0.4942153059996514	0.5890960367575427	0.028624	0.42638718873484444	0.3911319962252914	0.4644460926193233	0.6545135462677358	0.609994881692026	0.6948732655177432	0.11373390557939914	0.19987849331713245	0.19599690582092438
atac_33387_rna_17961_cells_1000	scATAC_ABC	0.4817886780745812	0.4325522624459072	0.5392816150369296	0.4038526786322308	0.3698205261855503	0.43697299469172635	0.014105	0.5323505815586236	0.4893727268479336	0.5827910231663991	0.031752	0.41467650762394576	0.38034283034634736	0.44922900266427906	0.6890806110269467	0.6459707787309322	0.7307976847456417	0.07939914163090128	0.12586067233697854	0.12376716302456005
atac_2000_rna_2000_cells_7821	scATAC_ABC	0.480733384943837	0.42596319564252955	0.532009606871214	0.37784133303995904	0.3471427456782227	0.407150407799679	0.012693	0.5160814690168473	0.46671032900176584	0.561913543780447	0.029606	0.41008436151527083	0.37769522744539225	0.448626311440057	0.6787912901485734	0.6361202390347013	0.7177583341053846	0.09012875536480687	0.14165654110976103	0.139334751498743
atac_20000_rna_17961_cells_500	scATAC_ABC	0.48000937642535774	0.43380078426934154	0.532673137681495	0.3678294167284086	0.33836595611101533	0.40071615414261164	0.011971	0.5380568245489905	0.4880694143167028	0.5790651065601327	0.030759	0.42039086861476627	0.3830929880570219	0.45495726705482625	0.6719131895603605	0.627452084175822	0.7104872849378933	0.10085836909871244	0.16342648845686514	0.16060723264358925
atac_33387_rna_17961_cells_200	scATAC_ABC	0.4785550707226957	0.4198070484728403	0.5274889349977624	0.3931614773842082	0.359546355040568	0.4266666666666667	0.01316	0.5202215029094068	0.47085201793721976	0.5668709107211805	0.029106	0.4217112261979201	0.38482289429813404	0.4557618832207356	0.6764161219782875	0.6308066522571014	0.7175927376168353	0.09227467811158799	0.17891859052247874	0.17501450396441695
atac_1000_rna_1000_cells_1000	multiome_powerlaw_v3	0.47819077463981846	0.41906724711016313	0.5227359462336629	0.235880994147681	0.21280345143819143	0.2576963344506553	0.0213564686859442	0.57291487482054	0.5254510177373741	0.6230314213129575	0.174455795828212	0.5780062838229992	0.5313245752683634	0.6294441295756901	0.49281246964588	0.4444720141496341	0.5349088137281702	0.20600858369098712	0.31004455245038476	0.3053567975246567
atac_2000_rna_2000_cells_2000	scATAC_ABC	0.4757551576934601	0.42085435455538445	0.5233024145230323	0.3349617706973559	0.3040095634332338	0.36326003320464734	0.010005	0.5468817829623714	0.498494024388734	0.5917285341952373	0.029259	0.4201306282712044	0.38499264639665376	0.458806445038515	0.636770581188461	0.5901796204028076	0.6798245614035088	0.12017167381974249	0.2180032401782098	0.21359504931347903
atac_1000_rna_1000_cells_500	multiome_powerlaw_v3_noTPMfilter	0.47406872072629364	0.42064145667578196	0.5278883229915152	0.31237298751567716	0.2843247107409727	0.339168289347702	0.0397955642355536	0.5695625729232863	0.5197415952825778	0.6170847761508187	0.188698615906018	0.5566088550967107	0.5119422671988967	0.608231011312224	0.5071065295603908	0.46349620103969963	0.5503487591951817	0.20386266094420602	0.38608748481166466	0.37787661960935987
atac_30000_rna_17961_cells_200	scATAC_ABC	0.4708185639371381	0.41125294201906926	0.5186056786399565	0.37470339943993874	0.3374433190244948	0.40406076397426205	0.012107	0.5414018996714399	0.4960822102379003	0.5920572922766043	0.029479	0.4273636712293815	0.3946718910463597	0.4635069223351857	0.6704319726729271	0.6261080150224961	0.7116515978242974	0.11158798283261803	0.18681652490887	0.1834268033262425
atac_10000_rna_10000_cells_500	scATAC_ABC	0.4702858834922791	0.4227239088407704	0.5207248070063266	0.3491237636222542	0.31783793424789153	0.3797820670508011	0.010607	0.5262381190929741	0.47926360310213884	0.57061514215673	0.027667	0.4227793424860939	0.38736840170720416	0.4588712445553395	0.6507117367348219	0.6032479869647428	0.6890505251119133	0.12446351931330472	0.1968408262454435	0.19357957841810094
atac_20000_rna_17961_cells_200	scATAC_ABC	0.47022428520609716	0.42083169613396115	0.5242895653591116	0.34744314296754875	0.31773475708957744	0.37867381479110573	0.010215	0.5489268867034468	0.49880184910756675	0.5933119931468928	0.028185	0.4245276835731225	0.3892575460212539	0.46219686162624823	0.6336143471648374	0.5888538418447602	0.680717977269755	0.12660944206008584	0.21516808424463346	0.2111777219106556
atac_1000_rna_1000_cells_2000	scATAC_ABC	0.4697731134014004	0.4176886391093098	0.5176335852629441	0.33107109485775127	0.3017251741158049	0.3629771719127815	0.009239	0.5390105115589438	0.4941295781902374	0.5851552213427654	0.026294	0.43928669424208683	0.40427485100937227	0.4824239655272457	0.6332930807593823	0.5889131007739186	0.6758747638034741	0.12875536480686695	0.2772377480761442	0.2705472829239992
atac_33387_rna_17961_cells_500	scATAC_ABC	0.4695236137301271	0.41796243933193267	0.5171859249931765	0.35318330750068877	0.3200902161955896	0.3815359995879066	0.011602	0.515951855950058	0.4681323071182774	0.5604207352052037	0.029456	0.4102765975089544	0.3767930738944327	0.44702509996436174	0.673823585327683	0.6279879067659347	0.7158124793791377	0.0944206008583691	0.14175779667881733	0.1396248307870818
atac_1000_rna_1000_cells_500	multiome_powerlaw_v3	0.4675605107508296	0.4121691522237	0.5195816704244337	0.30430073888196446	0.27929581331052244	0.3330228769074592	0.0382784265471634	0.5622029656589352	0.5158607511818422	0.6105562423464128	0.180428662530088	0.5545977961168354	0.5060127232984519	0.6023988385747948	0.5010424272119355	0.4553856798017491	0.5442717578258186	0.20386266094420602	0.38608748481166466	0.37787661960935987
atac_30000_rna_17961_cells_100	scATAC_ABC	0.463939214549912	0.41446902112765344	0.5129017980565156	0.3438797544305284	0.31508472229171713	0.3754690805157173	0.010048	0.5237703576168731	0.48439882780482335	0.5810725880321115	0.026952	0.42318553980865686	0.3882217561348889	0.45918308689933796	0.6297987405571213	0.5846114770222759	0.6755807007387844	0.13733905579399142	0.23298906439854192	0.22867917230709728
atac_4000_rna_4000_cells_200	multiome_powerlaw_v3_noTPMfilter	0.4609030858507732	0.4116125009952839	0.5059655349139304	0.29028265697650135	0.2609344937728445	0.3152022394795682	0.0323775000034226	0.5658322685317169	0.5149389912708218	0.6129825200291654	0.18579812310012	0.5562478595306677	0.5064147626991098	0.6004938691635539	0.5093435344221	0.4612277654817604	0.5519710491669897	0.21030042918454936	0.37636695018226	0.3688841616708567
atac_20000_rna_17961_cells_100	scATAC_ABC	0.45526303831528697	0.41053924031268374	0.49958337562166255	0.3023022960461602	0.2783818581830746	0.33423443018732374	0.00798	0.48473047981045636	0.44278328105476467	0.5242914979757085	0.022594	0.4223633407088822	0.3827064105898865	0.4580008105958796	0.606869795314544	0.5563218390804597	0.6478185475191985	0.148068669527897	0.2972863507492912	0.2905627538193773
atac_4000_rna_4000_cells_200	multiome_powerlaw_v3	0.4547744010413123	0.4051834269595191	0.5018979010110158	0.2770783994524698	0.2533725811599525	0.30555648193354124	0.0298753454959554	0.5617274131860038	0.5116515484436143	0.6115143412599304	0.182747709197452	0.5543527035175582	0.5040027127856654	0.5980259970363827	0.5058475432777798	0.45463839706291975	0.5448710805892275	0.21030042918454936	0.37636695018226	0.3688841616708567
atac_4000_rna_4000_cells_1000	scATAC_ABC	0.4522566539227199	0.3983877602885789	0.49983970377132825	0.3052030477835068	0.2802038354588901	0.3330908696792294	0.008795	0.5066981461099018	0.4597362181624531	0.5484377447554121	0.025809	0.42588094319619124	0.3893566632082296	0.46000492634947865	0.6266636289918374	0.5777196850248354	0.6710087420925356	0.13304721030042918	0.2122316727420008	0.2086637014117192
atac_4000_rna_4000_cells_500	scATAC_ABC	0.4516068401171683	0.39620104029231884	0.4964016220916356	0.2854466669973889	0.2613062343373469	0.31084673215578673	0.007454	0.5129210513837728	0.46502052677249	0.5603907750949373	0.023696	0.4190837640113848	0.38368968165091133	0.4613479384883952	0.6141345946000267	0.5702775229387381	0.6565055166639311	0.16738197424892703	0.2745038477116241	0.26967704505898277
atac_2000_rna_2000_cells_500	scATAC_ABC	0.4463995681789446	0.4009279867469526	0.4973262668159459	0.273720045747211	0.24762337544131854	0.30087752335366885	0.005993	0.4811782300448947	0.43483542080596693	0.5214121797072638	0.019945	0.42685412564231673	0.3878438397857586	0.46743053764872017	0.543047679708119	0.4989408387074474	0.5879217485389527	0.1781115879828326	0.3502430133657351	0.34248694643202476
atac_2000_rna_2000_cells_1000	scATAC_ABC	0.44416298089158396	0.39065663571116105	0.4971903925625415	0.2935522812308311	0.26604692697617704	0.32055318147115064	0.007689	0.5254642814498423	0.4860191903466754	0.5759923933988085	0.024101	0.4329652115240605	0.3970093186229349	0.47055202585213696	0.6107913488069416	0.566854888754387	0.6511251351589044	0.1630901287553648	0.2887808829485622	0.2831173854186811
atac_10000_rna_10000_cells_200	scATAC_ABC	0.4413272938321765	0.3796711253558276	0.4893006040651471	0.26535317913727374	0.24036052014052786	0.2885031992294826	0.006809	0.5183407171115368	0.47348233074456897	0.5672000550224376	0.024386	0.41063289075461207	0.37585322618242634	0.44860973479319055	0.5811906266063672	0.5313786389214913	0.6191489361702127	0.17167381974248927	0.255771567436209	0.2519822084703152
None	distanceToTSS	0.436495841778983	0.3841006558189084	0.4817856642935036	0.31388438525355	0.28570286738933587	0.34092650441284	-54144.0	0.43010508764374766	0.3898154998774378	0.4734871536309248	-25986.0	0.3160996275426752	0.2881719327508316	0.3402275035601713	0.7036706025611088	0.6623129897660944	0.7467223564099834	0.0	0.0	0.0
atac_2000_rna_2000_cells_200	multiome_powerlaw_v3_noTPMfilter	0.4325274033795338	0.3843478124747959	0.4805313889893449	0.13163943878247722	0.11874982082314382	0.145607514406976	0.007780278509567	0.519721733817846	0.471963745258101	0.5648571392987426	0.126084884006499	0.5877148981346916	0.5329164073762392	0.6365517714930307	0.431561477353298	0.39293598233995586	0.47886279806035154	0.2532188841201717	0.45413122721749694	0.4450783214078515
atac_2000_rna_2000_cells_200	multiome_powerlaw_v3	0.4190086956283411	0.36563000749979035	0.4703518666924441	0.08695611412175323	0.07878412738390651	0.09615347234405996	0.0031197616920303	0.5046066137781828	0.461014274096843	0.5528012617649222	0.117348717717342	0.5833973375328354	0.5347949665117157	0.6386494940734964	0.4210425514438069	0.37670320668029833	0.46515690322169745	0.2532188841201717	0.45413122721749694	0.4450783214078515
atac_4000_rna_4000_cells_100	multiome_powerlaw_v3_noTPMfilter	0.41884663799102134	0.3662143713013876	0.46414891994629925	0.07445291372323078	0.06695171878453603	0.08348288365141528	0.0021738173318489	0.5004863237964193	0.45836474467988125	0.5452180138240058	0.123237888874229	0.5521109854856064	0.5043480351161166	0.6092416119820738	0.4279085587786659	0.3896519097497362	0.4785349209705929	0.2875536480686695	0.44329688132847306	0.43627924966157416
atac_10000_rna_10000_cells_100	scATAC_ABC	0.4149298484815022	0.364231758847087	0.46788114381453105	0.2406779437986875	0.21906851053597706	0.2648264640032958	0.005236	0.5196787687814631	0.4760660376783319	0.5650590355704225	0.02105	0.4355229192234277	0.39253690727455554	0.4745106271898179	0.56168125959352	0.5173117240915279	0.6064966284212359	0.17167381974248927	0.33697853381936005	0.3295300715528911
atac_1000_rna_1000_cells_500	scATAC_ABC	0.4135810705917928	0.3611012039645654	0.463551025669137	0.1909352748507462	0.17404062294094036	0.21068206464684666	0.003319	0.4646767673024237	0.42136630369217154	0.5082286083221212	0.016556	0.4453012229980343	0.39736891548275927	0.48042311351851885	0.5169809216099038	0.4647092250510929	0.5550731895855882	0.20386266094420602	0.38608748481166466	0.37787661960935987
atac_1000_rna_1000_cells_1000	scATAC_ABC	0.4116714080137664	0.36109709095289116	0.46081361069108473	0.21077471753011134	0.19238562543934848	0.23299240591549458	0.004346	0.4586324463863057	0.41698221016767867	0.5049599527399773	0.018544	0.4239006392068664	0.38986013986013984	0.4686407466811945	0.5536402185931038	0.5072161828174918	0.5957252894072081	0.20600858369098712	0.31004455245038476	0.3053567975246567
atac_4000_rna_4000_cells_100	multiome_powerlaw_v3	0.40387371761469776	0.3527524553484074	0.4507720713558558	0	0	0		0.4905962473021503	0.44984918734011525	0.5358452862630181	0.115821498908127	0.5472896064835955	0.49540271300291194	0.6009348252649803	0.41805708422057386	0.37346248989146247	0.46173160992094703	0.2875536480686695	0.44329688132847306	0.43627924966157416
atac_4000_rna_4000_cells_200	scATAC_ABC	0.3912178608672083	0.3378082802661117	0.4379366985678929	0.1641197268195169	0.14846926852690503	0.18185109734353236	0.00281	0.4383241590711837	0.3986779987977138	0.48071421418557664	0.017976	0.4168269439677282	0.37728314537674296	0.45593573906774665	0.5436765040667345	0.49555235312411083	0.5876926983899331	0.21030042918454936	0.37636695018226	0.3688841616708567
atac_4000_rna_4000_cells_100	scATAC_ABC	0.35217409907991576	0.29890012948654854	0.4001634121307211	0.07857650582223434	0.07052667448330652	0.0864939038965095	0.000464	0.3477619890241832	0.31371466098707423	0.38508410541396837	0.009976	0.42480026252835684	0.3834745762711864	0.4739553518767712	0.44783274836527215	0.4067757211785636	0.4922090260925344	0.2875536480686695	0.44329688132847306	0.43627924966157416
atac_2000_rna_2000_cells_200	scATAC_ABC	0.3411947137944449	0.28763431825538677	0.39280876894258054	0.10858016435331794	0.09868029314215844	0.1201557786688705	0.001103	0.3668172550725511	0.33034152657396215	0.4006940299548196	0.010577	0.427091576768502	0.385421704803607	0.4727310214389115	0.4406381899058344	0.39320060140675955	0.48167330742018194	0.2532188841201717	0.45413122721749694	0.4450783214078515
atac_1000_rna_1000_cells_200	multiome_powerlaw_v3_noTPMfilter	0.3022936104507095	0.2568732245678657	0.3551477821937025	0	0	0		0	0	0		0.6619590101307725	0.5943097841494253	0.7366726060003279	0.2272707126880066	0.19542004577190783	0.27148243850827636	0.5064377682403434	0.6714256784123127	0.6639914910075421
atac_2000_rna_2000_cells_100	multiome_powerlaw_v3_noTPMfilter	0.3016823133132202	0.24901899146998194	0.3472795130746962	0	0	0		0.13570776130745862	0.12035252801387498	0.15223600986700175	0.008887418928143	0.6431536173483879	0.5661741852689124	0.7115084560583836	0.23886106953422964	0.19907379432089942	0.2747872315585844	0.4742489270386266	0.6616038882138517	0.653161864242893
atac_2000_rna_2000_cells_100	multiome_powerlaw_v3	0.28969040604681656	0.24606094982517196	0.3347799889468078	0	0	0		0.10561487594314764	0.09385947498900338	0.1190541842062948	0.0051156169441744	0.6353287815678289	0.5652593091366718	0.7082093267879782	0.22989788591578575	0.1934025544676577	0.27054046316326175	0.4742489270386266	0.6616038882138517	0.653161864242893
atac_1000_rna_1000_cells_200	multiome_powerlaw_v3	0.28912308672687265	0.24000074754285713	0.33278756649813607	0	0	0		0	0	0		0.6534945999042061	0.5707868593883025	0.7238146899498898	0.21706765442924456	0.18190970525517883	0.25647615264708984	0.5064377682403434	0.6714256784123127	0.6639914910075421
atac_1000_rna_1000_cells_200	scATAC_ABC	0.25508604088391457	0.20811518982530783	0.30152548468281054	0	0	0		0	0	0		0.4187486029452259	0.37093546980251857	0.47076916256205154	0.33901537511022345	0.30160516087141975	0.3834674389416385	0.5064377682403434	0.6714256784123127	0.6639914910075421
atac_2000_rna_2000_cells_100	scATAC_ABC	0.247812842841	0.20470977407727617	0.30343057728738215	0	0	0		0.1005846035727392	0.08878767788364618	0.11404263712355527	0.001123	0.3756223388569167	0.3342501104268364	0.42463273319123446	0.3353223915800137	0.292144248682611	0.3788339565897513	0.4742489270386266	0.6616038882138517	0.653161864242893
atac_1000_rna_1000_cells_100	multiome_powerlaw_v3_noTPMfilter	0.11026752263434773	0.07828674316776076	0.14527033880970772	0	0	0		0	0	0		0.674693459052809	0.5239792729202235	0.7841498509419565	0.07170004092445	0.04839808777604922	0.09603262580394054	0.8047210300429185	0.8676589712434184	0.8648230516341133
atac_1000_rna_1000_cells_100	multiome_powerlaw_v3	0.10857577660052123	0.07425469769333698	0.14570654140533498	0	0	0		0	0	0		0.6749490102712382	0.5356176551389988	0.7956054179234034	0.07238577695530093	0.048591945748130284	0.09597332708013857	0.8047210300429185	0.8676589712434184	0.8648230516341133
atac_1000_rna_1000_cells_100	scATAC_ABC	0.09945562326567099	0.07053999025159051	0.13490887368948806	0	0	0		0	0	0		0.31252376605090193	0.2510575301140553	0.37141483615404874	0.156659029379352	0.1289842285366642	0.19279661016949154	0.8047210300429185	0.8676589712434184	0.8648230516341133
