feature	coefficient	test_chr	cluster	cell_count	atac_frag_per_cell	rna_umi_per_cell	log10_total_frag	log10_total_umi
numTSSEnhGene	-1.63301943966114	none	atac_1000_rna_500_cells_100	100	1000	500	5	4.69897000433602
normalizedATAC_prom	-1.84571044565213	none	atac_1000_rna_500_cells_100	100	1000	500	5	4.69897000433602
numNearbyEnhancers	-0.034128953904273	none	atac_1000_rna_500_cells_100	100	1000	500	5	4.69897000433602
ubiqExpressed	-0.367766626726811	none	atac_1000_rna_500_cells_100	100	1000	500	5	4.69897000433602
numCandidateEnhGene	-0.0166760616692729	none	atac_1000_rna_500_cells_100	100	1000	500	5	4.69897000433602
ABC.Score	0.849358694524337	none	atac_1000_rna_500_cells_100	100	1000	500	5	4.69897000433602
Kendall	-0.167917763703891	none	atac_1000_rna_500_cells_100	100	1000	500	5	4.69897000433602
numTSSEnhGene	-1.26380488658175	none	atac_2000_rna_1000_cells_100	100	2000	1000	5.30102999566398	5
normalizedATAC_prom	0.35407799558435	none	atac_2000_rna_1000_cells_100	100	2000	1000	5.30102999566398	5
numNearbyEnhancers	0.0723899847787773	none	atac_2000_rna_1000_cells_100	100	2000	1000	5.30102999566398	5
ubiqExpressed	-0.327761855369473	none	atac_2000_rna_1000_cells_100	100	2000	1000	5.30102999566398	5
numCandidateEnhGene	-0.213563419493082	none	atac_2000_rna_1000_cells_100	100	2000	1000	5.30102999566398	5
ABC.Score	0.902330086596597	none	atac_2000_rna_1000_cells_100	100	2000	1000	5.30102999566398	5
Kendall	-0.286281342884184	none	atac_2000_rna_1000_cells_100	100	2000	1000	5.30102999566398	5
numTSSEnhGene	-1.483598379614	none	atac_4000_rna_2000_cells_100	100	4000	2000	5.60205999132796	5.30102999566398
normalizedATAC_prom	-0.558682559586128	none	atac_4000_rna_2000_cells_100	100	4000	2000	5.60205999132796	5.30102999566398
numNearbyEnhancers	0.120941829913234	none	atac_4000_rna_2000_cells_100	100	4000	2000	5.60205999132796	5.30102999566398
ubiqExpressed	-0.295154611646293	none	atac_4000_rna_2000_cells_100	100	4000	2000	5.60205999132796	5.30102999566398
numCandidateEnhGene	-0.0373474282660066	none	atac_4000_rna_2000_cells_100	100	4000	2000	5.60205999132796	5.30102999566398
ABC.Score	1.02749411212475	none	atac_4000_rna_2000_cells_100	100	4000	2000	5.60205999132796	5.30102999566398
Kendall	-0.0565195934946705	none	atac_4000_rna_2000_cells_100	100	4000	2000	5.60205999132796	5.30102999566398
numTSSEnhGene	-1.42831210223247	none	atac_10000_rna_5000_cells_100	100	10000	5000	6	5.69897000433602
normalizedATAC_prom	-1.31879285537419	none	atac_10000_rna_5000_cells_100	100	10000	5000	6	5.69897000433602
numNearbyEnhancers	0.113204788302112	none	atac_10000_rna_5000_cells_100	100	10000	5000	6	5.69897000433602
ubiqExpressed	-0.290134169063545	none	atac_10000_rna_5000_cells_100	100	10000	5000	6	5.69897000433602
numCandidateEnhGene	0.028523143364599	none	atac_10000_rna_5000_cells_100	100	10000	5000	6	5.69897000433602
ABC.Score	1.24184156767039	none	atac_10000_rna_5000_cells_100	100	10000	5000	6	5.69897000433602
Kendall	0.0227455806552027	none	atac_10000_rna_5000_cells_100	100	10000	5000	6	5.69897000433602
numTSSEnhGene	-1.43814725613761	none	atac_20000_rna_10000_cells_100	100	20000	10000	6.30102999566398	6
normalizedATAC_prom	-0.970241542711952	none	atac_20000_rna_10000_cells_100	100	20000	10000	6.30102999566398	6
numNearbyEnhancers	0.127897313247497	none	atac_20000_rna_10000_cells_100	100	20000	10000	6.30102999566398	6
ubiqExpressed	-0.330027350350806	none	atac_20000_rna_10000_cells_100	100	20000	10000	6.30102999566398	6
numCandidateEnhGene	0.229319087002576	none	atac_20000_rna_10000_cells_100	100	20000	10000	6.30102999566398	6
ABC.Score	1.53888311489974	none	atac_20000_rna_10000_cells_100	100	20000	10000	6.30102999566398	6
Kendall	-0.110913275377048	none	atac_20000_rna_10000_cells_100	100	20000	10000	6.30102999566398	6
numTSSEnhGene	-1.69303281415059	none	atac_30000_rna_15000_cells_100	100	30000	15000	6.47712125471966	6.17609125905568
normalizedATAC_prom	-1.54995300675265	none	atac_30000_rna_15000_cells_100	100	30000	15000	6.47712125471966	6.17609125905568
numNearbyEnhancers	0.200908637940591	none	atac_30000_rna_15000_cells_100	100	30000	15000	6.47712125471966	6.17609125905568
ubiqExpressed	-0.342435065788494	none	atac_30000_rna_15000_cells_100	100	30000	15000	6.47712125471966	6.17609125905568
numCandidateEnhGene	0.571975271585772	none	atac_30000_rna_15000_cells_100	100	30000	15000	6.47712125471966	6.17609125905568
ABC.Score	1.8487435659568	none	atac_30000_rna_15000_cells_100	100	30000	15000	6.47712125471966	6.17609125905568
Kendall	0.0280573333359426	none	atac_30000_rna_15000_cells_100	100	30000	15000	6.47712125471966	6.17609125905568
numTSSEnhGene	-1.57577030421111	none	atac_33387_rna_16694_cells_100	100	33387	16694	6.52357739713225	6.22256040916522
normalizedATAC_prom	-1.12303604858916	none	atac_33387_rna_16694_cells_100	100	33387	16694	6.52357739713225	6.22256040916522
numNearbyEnhancers	0.0978019650882978	none	atac_33387_rna_16694_cells_100	100	33387	16694	6.52357739713225	6.22256040916522
ubiqExpressed	-0.346844389421559	none	atac_33387_rna_16694_cells_100	100	33387	16694	6.52357739713225	6.22256040916522
numCandidateEnhGene	0.32701688765673	none	atac_33387_rna_16694_cells_100	100	33387	16694	6.52357739713225	6.22256040916522
ABC.Score	1.55909077719854	none	atac_33387_rna_16694_cells_100	100	33387	16694	6.52357739713225	6.22256040916522
Kendall	0.00538313387313832	none	atac_33387_rna_16694_cells_100	100	33387	16694	6.52357739713225	6.22256040916522
numTSSEnhGene	-1.28404226455834	none	atac_1000_rna_500_cells_200	200	1000	500	5.30102999566398	5
normalizedATAC_prom	-0.784337835937751	none	atac_1000_rna_500_cells_200	200	1000	500	5.30102999566398	5
numNearbyEnhancers	0.0721961804374257	none	atac_1000_rna_500_cells_200	200	1000	500	5.30102999566398	5
ubiqExpressed	-0.290619265287961	none	atac_1000_rna_500_cells_200	200	1000	500	5.30102999566398	5
numCandidateEnhGene	-0.0825446490432265	none	atac_1000_rna_500_cells_200	200	1000	500	5.30102999566398	5
ABC.Score	1.01999354468034	none	atac_1000_rna_500_cells_200	200	1000	500	5.30102999566398	5
Kendall	-0.100372265172055	none	atac_1000_rna_500_cells_200	200	1000	500	5.30102999566398	5
numTSSEnhGene	-1.46133536773294	none	atac_2000_rna_1000_cells_200	200	2000	1000	5.60205999132796	5.30102999566398
normalizedATAC_prom	-1.13001653993932	none	atac_2000_rna_1000_cells_200	200	2000	1000	5.60205999132796	5.30102999566398
numNearbyEnhancers	0.120150661076285	none	atac_2000_rna_1000_cells_200	200	2000	1000	5.60205999132796	5.30102999566398
ubiqExpressed	-0.309563422874153	none	atac_2000_rna_1000_cells_200	200	2000	1000	5.60205999132796	5.30102999566398
numCandidateEnhGene	-0.173901244271734	none	atac_2000_rna_1000_cells_200	200	2000	1000	5.60205999132796	5.30102999566398
ABC.Score	0.882652269496018	none	atac_2000_rna_1000_cells_200	200	2000	1000	5.60205999132796	5.30102999566398
Kendall	-0.103627029870519	none	atac_2000_rna_1000_cells_200	200	2000	1000	5.60205999132796	5.30102999566398
numTSSEnhGene	-1.42787021712655	none	atac_4000_rna_2000_cells_200	200	4000	2000	5.90308998699194	5.60205999132796
normalizedATAC_prom	-1.01232578635028	none	atac_4000_rna_2000_cells_200	200	4000	2000	5.90308998699194	5.60205999132796
numNearbyEnhancers	0.111025227315436	none	atac_4000_rna_2000_cells_200	200	4000	2000	5.90308998699194	5.60205999132796
ubiqExpressed	-0.339574903350594	none	atac_4000_rna_2000_cells_200	200	4000	2000	5.90308998699194	5.60205999132796
numCandidateEnhGene	0.0602003332686044	none	atac_4000_rna_2000_cells_200	200	4000	2000	5.90308998699194	5.60205999132796
ABC.Score	1.29019809955239	none	atac_4000_rna_2000_cells_200	200	4000	2000	5.90308998699194	5.60205999132796
Kendall	-0.108446272139155	none	atac_4000_rna_2000_cells_200	200	4000	2000	5.90308998699194	5.60205999132796
numTSSEnhGene	-1.52009498663535	none	atac_10000_rna_5000_cells_200	200	10000	5000	6.30102999566398	6
normalizedATAC_prom	-1.37511154659533	none	atac_10000_rna_5000_cells_200	200	10000	5000	6.30102999566398	6
numNearbyEnhancers	0.168521524313744	none	atac_10000_rna_5000_cells_200	200	10000	5000	6.30102999566398	6
ubiqExpressed	-0.329269581977651	none	atac_10000_rna_5000_cells_200	200	10000	5000	6.30102999566398	6
numCandidateEnhGene	0.255167463117999	none	atac_10000_rna_5000_cells_200	200	10000	5000	6.30102999566398	6
ABC.Score	1.52331112534727	none	atac_10000_rna_5000_cells_200	200	10000	5000	6.30102999566398	6
Kendall	0.00708387593605537	none	atac_10000_rna_5000_cells_200	200	10000	5000	6.30102999566398	6
numTSSEnhGene	-1.54167571434905	none	atac_20000_rna_10000_cells_200	200	20000	10000	6.60205999132796	6.30102999566398
normalizedATAC_prom	-1.28963323899724	none	atac_20000_rna_10000_cells_200	200	20000	10000	6.60205999132796	6.30102999566398
numNearbyEnhancers	0.140049106310442	none	atac_20000_rna_10000_cells_200	200	20000	10000	6.60205999132796	6.30102999566398
ubiqExpressed	-0.330888619138887	none	atac_20000_rna_10000_cells_200	200	20000	10000	6.60205999132796	6.30102999566398
numCandidateEnhGene	0.314104798513122	none	atac_20000_rna_10000_cells_200	200	20000	10000	6.60205999132796	6.30102999566398
ABC.Score	1.57557320548905	none	atac_20000_rna_10000_cells_200	200	20000	10000	6.60205999132796	6.30102999566398
Kendall	0.213216774067879	none	atac_20000_rna_10000_cells_200	200	20000	10000	6.60205999132796	6.30102999566398
numTSSEnhGene	-1.58661061730723	none	atac_30000_rna_15000_cells_200	200	30000	15000	6.77815125038364	6.47712125471966
normalizedATAC_prom	-1.34318477603409	none	atac_30000_rna_15000_cells_200	200	30000	15000	6.77815125038364	6.47712125471966
numNearbyEnhancers	0.122125483749585	none	atac_30000_rna_15000_cells_200	200	30000	15000	6.77815125038364	6.47712125471966
ubiqExpressed	-0.314036214776169	none	atac_30000_rna_15000_cells_200	200	30000	15000	6.77815125038364	6.47712125471966
numCandidateEnhGene	0.445202959838022	none	atac_30000_rna_15000_cells_200	200	30000	15000	6.77815125038364	6.47712125471966
ABC.Score	1.74412189532312	none	atac_30000_rna_15000_cells_200	200	30000	15000	6.77815125038364	6.47712125471966
Kendall	0.201132554506482	none	atac_30000_rna_15000_cells_200	200	30000	15000	6.77815125038364	6.47712125471966
numTSSEnhGene	-1.59385276931038	none	atac_33387_rna_16694_cells_200	200	33387	16694	6.82460739279624	6.5235904048292
normalizedATAC_prom	-1.27525354918046	none	atac_33387_rna_16694_cells_200	200	33387	16694	6.82460739279624	6.5235904048292
numNearbyEnhancers	0.146897482315808	none	atac_33387_rna_16694_cells_200	200	33387	16694	6.82460739279624	6.5235904048292
ubiqExpressed	-0.333766758817301	none	atac_33387_rna_16694_cells_200	200	33387	16694	6.82460739279624	6.5235904048292
numCandidateEnhGene	0.501472712117489	none	atac_33387_rna_16694_cells_200	200	33387	16694	6.82460739279624	6.5235904048292
ABC.Score	1.84104541776036	none	atac_33387_rna_16694_cells_200	200	33387	16694	6.82460739279624	6.5235904048292
Kendall	0.172163523291003	none	atac_33387_rna_16694_cells_200	200	33387	16694	6.82460739279624	6.5235904048292
numTSSEnhGene	-1.57894298177116	none	atac_1000_rna_500_cells_500	500	1000	500	5.69897000433602	5.39794000867204
normalizedATAC_prom	-1.37914425899038	none	atac_1000_rna_500_cells_500	500	1000	500	5.69897000433602	5.39794000867204
numNearbyEnhancers	0.162207405012273	none	atac_1000_rna_500_cells_500	500	1000	500	5.69897000433602	5.39794000867204
ubiqExpressed	-0.314308067834063	none	atac_1000_rna_500_cells_500	500	1000	500	5.69897000433602	5.39794000867204
numCandidateEnhGene	-0.135107889727502	none	atac_1000_rna_500_cells_500	500	1000	500	5.69897000433602	5.39794000867204
ABC.Score	0.870433910703153	none	atac_1000_rna_500_cells_500	500	1000	500	5.69897000433602	5.39794000867204
Kendall	-0.194558635140637	none	atac_1000_rna_500_cells_500	500	1000	500	5.69897000433602	5.39794000867204
numTSSEnhGene	-1.53132996803638	none	atac_2000_rna_1000_cells_500	500	2000	1000	6	5.69897000433602
normalizedATAC_prom	-1.420615565241	none	atac_2000_rna_1000_cells_500	500	2000	1000	6	5.69897000433602
numNearbyEnhancers	0.159917480380607	none	atac_2000_rna_1000_cells_500	500	2000	1000	6	5.69897000433602
ubiqExpressed	-0.284766562020766	none	atac_2000_rna_1000_cells_500	500	2000	1000	6	5.69897000433602
numCandidateEnhGene	0.188509918814427	none	atac_2000_rna_1000_cells_500	500	2000	1000	6	5.69897000433602
ABC.Score	1.30732277640384	none	atac_2000_rna_1000_cells_500	500	2000	1000	6	5.69897000433602
Kendall	-0.0346014898490709	none	atac_2000_rna_1000_cells_500	500	2000	1000	6	5.69897000433602
numTSSEnhGene	-1.51686883196976	none	atac_4000_rna_2000_cells_500	500	4000	2000	6.30102999566398	6
normalizedATAC_prom	-1.23465631943866	none	atac_4000_rna_2000_cells_500	500	4000	2000	6.30102999566398	6
numNearbyEnhancers	0.0722043887517768	none	atac_4000_rna_2000_cells_500	500	4000	2000	6.30102999566398	6
ubiqExpressed	-0.338981772150791	none	atac_4000_rna_2000_cells_500	500	4000	2000	6.30102999566398	6
numCandidateEnhGene	0.246327646565995	none	atac_4000_rna_2000_cells_500	500	4000	2000	6.30102999566398	6
ABC.Score	1.50026854953944	none	atac_4000_rna_2000_cells_500	500	4000	2000	6.30102999566398	6
Kendall	-0.107824656194983	none	atac_4000_rna_2000_cells_500	500	4000	2000	6.30102999566398	6
numTSSEnhGene	-1.48474869334641	none	atac_10000_rna_5000_cells_500	500	10000	5000	6.69897000433602	6.39794000867204
normalizedATAC_prom	-1.20135807851337	none	atac_10000_rna_5000_cells_500	500	10000	5000	6.69897000433602	6.39794000867204
numNearbyEnhancers	0.101743584799313	none	atac_10000_rna_5000_cells_500	500	10000	5000	6.69897000433602	6.39794000867204
ubiqExpressed	-0.339371626806102	none	atac_10000_rna_5000_cells_500	500	10000	5000	6.69897000433602	6.39794000867204
numCandidateEnhGene	0.320541812085373	none	atac_10000_rna_5000_cells_500	500	10000	5000	6.69897000433602	6.39794000867204
ABC.Score	1.68002777098986	none	atac_10000_rna_5000_cells_500	500	10000	5000	6.69897000433602	6.39794000867204
Kendall	0.33960799565782	none	atac_10000_rna_5000_cells_500	500	10000	5000	6.69897000433602	6.39794000867204
numTSSEnhGene	-1.54615698243996	none	atac_20000_rna_10000_cells_500	500	20000	10000	7	6.69897000433602
normalizedATAC_prom	-1.22667754019137	none	atac_20000_rna_10000_cells_500	500	20000	10000	7	6.69897000433602
numNearbyEnhancers	0.172555810185019	none	atac_20000_rna_10000_cells_500	500	20000	10000	7	6.69897000433602
ubiqExpressed	-0.315331939767304	none	atac_20000_rna_10000_cells_500	500	20000	10000	7	6.69897000433602
numCandidateEnhGene	0.421592642250508	none	atac_20000_rna_10000_cells_500	500	20000	10000	7	6.69897000433602
ABC.Score	1.78596284603264	none	atac_20000_rna_10000_cells_500	500	20000	10000	7	6.69897000433602
Kendall	0.598692775373395	none	atac_20000_rna_10000_cells_500	500	20000	10000	7	6.69897000433602
numTSSEnhGene	-1.56899855658223	none	atac_30000_rna_15000_cells_500	500	30000	15000	7.17609125905568	6.8750612633917
normalizedATAC_prom	-1.31757636677076	none	atac_30000_rna_15000_cells_500	500	30000	15000	7.17609125905568	6.8750612633917
numNearbyEnhancers	0.152426955492843	none	atac_30000_rna_15000_cells_500	500	30000	15000	7.17609125905568	6.8750612633917
ubiqExpressed	-0.337382855860219	none	atac_30000_rna_15000_cells_500	500	30000	15000	7.17609125905568	6.8750612633917
numCandidateEnhGene	0.388342560222504	none	atac_30000_rna_15000_cells_500	500	30000	15000	7.17609125905568	6.8750612633917
ABC.Score	1.65428305190311	none	atac_30000_rna_15000_cells_500	500	30000	15000	7.17609125905568	6.8750612633917
Kendall	0.243793652134221	none	atac_30000_rna_15000_cells_500	500	30000	15000	7.17609125905568	6.8750612633917
numTSSEnhGene	-1.5204484871722	none	atac_33387_rna_16694_cells_500	500	33387	16694	7.22254740146827	6.92153041350124
normalizedATAC_prom	-1.21099224281679	none	atac_33387_rna_16694_cells_500	500	33387	16694	7.22254740146827	6.92153041350124
numNearbyEnhancers	0.154990532312565	none	atac_33387_rna_16694_cells_500	500	33387	16694	7.22254740146827	6.92153041350124
ubiqExpressed	-0.328393014076745	none	atac_33387_rna_16694_cells_500	500	33387	16694	7.22254740146827	6.92153041350124
numCandidateEnhGene	0.447566402726823	none	atac_33387_rna_16694_cells_500	500	33387	16694	7.22254740146827	6.92153041350124
ABC.Score	1.83629134854426	none	atac_33387_rna_16694_cells_500	500	33387	16694	7.22254740146827	6.92153041350124
Kendall	0.275889620636358	none	atac_33387_rna_16694_cells_500	500	33387	16694	7.22254740146827	6.92153041350124
numTSSEnhGene	-1.52300670597425	none	atac_1000_rna_500_cells_1000	1000	1000	500	6	5.69897000433602
normalizedATAC_prom	-1.2852105626391	none	atac_1000_rna_500_cells_1000	1000	1000	500	6	5.69897000433602
numNearbyEnhancers	0.244917268580482	none	atac_1000_rna_500_cells_1000	1000	1000	500	6	5.69897000433602
ubiqExpressed	-0.330739682636803	none	atac_1000_rna_500_cells_1000	1000	1000	500	6	5.69897000433602
numCandidateEnhGene	0.0676775027340976	none	atac_1000_rna_500_cells_1000	1000	1000	500	6	5.69897000433602
ABC.Score	1.21686480337915	none	atac_1000_rna_500_cells_1000	1000	1000	500	6	5.69897000433602
Kendall	-0.00729552354222856	none	atac_1000_rna_500_cells_1000	1000	1000	500	6	5.69897000433602
numTSSEnhGene	-1.55137069974241	none	atac_2000_rna_1000_cells_1000	1000	2000	1000	6.30102999566398	6
normalizedATAC_prom	-1.34485446416151	none	atac_2000_rna_1000_cells_1000	1000	2000	1000	6.30102999566398	6
numNearbyEnhancers	0.120510144792393	none	atac_2000_rna_1000_cells_1000	1000	2000	1000	6.30102999566398	6
ubiqExpressed	-0.318220763665553	none	atac_2000_rna_1000_cells_1000	1000	2000	1000	6.30102999566398	6
numCandidateEnhGene	0.326629933045287	none	atac_2000_rna_1000_cells_1000	1000	2000	1000	6.30102999566398	6
ABC.Score	1.56524382549161	none	atac_2000_rna_1000_cells_1000	1000	2000	1000	6.30102999566398	6
Kendall	-0.0420506204813978	none	atac_2000_rna_1000_cells_1000	1000	2000	1000	6.30102999566398	6
numTSSEnhGene	-1.50415263368732	none	atac_4000_rna_2000_cells_1000	1000	4000	2000	6.60205999132796	6.30102999566398
normalizedATAC_prom	-1.36701624639381	none	atac_4000_rna_2000_cells_1000	1000	4000	2000	6.60205999132796	6.30102999566398
numNearbyEnhancers	0.144736099608279	none	atac_4000_rna_2000_cells_1000	1000	4000	2000	6.60205999132796	6.30102999566398
ubiqExpressed	-0.334085702752522	none	atac_4000_rna_2000_cells_1000	1000	4000	2000	6.60205999132796	6.30102999566398
numCandidateEnhGene	0.338126422859861	none	atac_4000_rna_2000_cells_1000	1000	4000	2000	6.60205999132796	6.30102999566398
ABC.Score	1.678077961339	none	atac_4000_rna_2000_cells_1000	1000	4000	2000	6.60205999132796	6.30102999566398
Kendall	0.167246404587489	none	atac_4000_rna_2000_cells_1000	1000	4000	2000	6.60205999132796	6.30102999566398
numTSSEnhGene	-1.59064459620339	none	atac_10000_rna_5000_cells_1000	1000	10000	5000	7	6.69897000433602
normalizedATAC_prom	-1.27799671466576	none	atac_10000_rna_5000_cells_1000	1000	10000	5000	7	6.69897000433602
numNearbyEnhancers	0.163975282415761	none	atac_10000_rna_5000_cells_1000	1000	10000	5000	7	6.69897000433602
ubiqExpressed	-0.319019899853201	none	atac_10000_rna_5000_cells_1000	1000	10000	5000	7	6.69897000433602
numCandidateEnhGene	0.49386975110026	none	atac_10000_rna_5000_cells_1000	1000	10000	5000	7	6.69897000433602
ABC.Score	1.85969161415816	none	atac_10000_rna_5000_cells_1000	1000	10000	5000	7	6.69897000433602
Kendall	0.058122903728035	none	atac_10000_rna_5000_cells_1000	1000	10000	5000	7	6.69897000433602
numTSSEnhGene	-1.47689074994166	none	atac_20000_rna_10000_cells_1000	1000	20000	10000	7.30102999566398	7
normalizedATAC_prom	-1.27086030997531	none	atac_20000_rna_10000_cells_1000	1000	20000	10000	7.30102999566398	7
numNearbyEnhancers	0.110471896010894	none	atac_20000_rna_10000_cells_1000	1000	20000	10000	7.30102999566398	7
ubiqExpressed	-0.321984971102088	none	atac_20000_rna_10000_cells_1000	1000	20000	10000	7.30102999566398	7
numCandidateEnhGene	0.437999070878148	none	atac_20000_rna_10000_cells_1000	1000	20000	10000	7.30102999566398	7
ABC.Score	1.84508385611067	none	atac_20000_rna_10000_cells_1000	1000	20000	10000	7.30102999566398	7
Kendall	0.487501656102082	none	atac_20000_rna_10000_cells_1000	1000	20000	10000	7.30102999566398	7
numTSSEnhGene	-1.53918402967375	none	atac_30000_rna_15000_cells_1000	1000	30000	15000	7.47712125471966	7.17609125905568
normalizedATAC_prom	-1.20321403429624	none	atac_30000_rna_15000_cells_1000	1000	30000	15000	7.47712125471966	7.17609125905568
numNearbyEnhancers	0.171961200998915	none	atac_30000_rna_15000_cells_1000	1000	30000	15000	7.47712125471966	7.17609125905568
ubiqExpressed	-0.342012055641793	none	atac_30000_rna_15000_cells_1000	1000	30000	15000	7.47712125471966	7.17609125905568
numCandidateEnhGene	0.501637977857688	none	atac_30000_rna_15000_cells_1000	1000	30000	15000	7.47712125471966	7.17609125905568
ABC.Score	1.8733964395166	none	atac_30000_rna_15000_cells_1000	1000	30000	15000	7.47712125471966	7.17609125905568
Kendall	0.451172272607645	none	atac_30000_rna_15000_cells_1000	1000	30000	15000	7.47712125471966	7.17609125905568
numTSSEnhGene	-1.53500559926271	none	atac_33387_rna_16694_cells_1000	1000	33387	16694	7.52357739713225	7.22256040916522
normalizedATAC_prom	-1.33149747117534	none	atac_33387_rna_16694_cells_1000	1000	33387	16694	7.52357739713225	7.22256040916522
numNearbyEnhancers	0.15507766619572	none	atac_33387_rna_16694_cells_1000	1000	33387	16694	7.52357739713225	7.22256040916522
ubiqExpressed	-0.321225081607883	none	atac_33387_rna_16694_cells_1000	1000	33387	16694	7.52357739713225	7.22256040916522
numCandidateEnhGene	0.443075626706364	none	atac_33387_rna_16694_cells_1000	1000	33387	16694	7.52357739713225	7.22256040916522
ABC.Score	1.75776537223193	none	atac_33387_rna_16694_cells_1000	1000	33387	16694	7.52357739713225	7.22256040916522
Kendall	0.590644122214528	none	atac_33387_rna_16694_cells_1000	1000	33387	16694	7.52357739713225	7.22256040916522
numTSSEnhGene	-1.48671727453349	none	atac_1000_rna_500_cells_2000	2000	1000	500	6.30102999566398	6
normalizedATAC_prom	-1.08194525658555	none	atac_1000_rna_500_cells_2000	2000	1000	500	6.30102999566398	6
numNearbyEnhancers	0.116879386105654	none	atac_1000_rna_500_cells_2000	2000	1000	500	6.30102999566398	6
ubiqExpressed	-0.332700174242738	none	atac_1000_rna_500_cells_2000	2000	1000	500	6.30102999566398	6
numCandidateEnhGene	0.30066923758294	none	atac_1000_rna_500_cells_2000	2000	1000	500	6.30102999566398	6
ABC.Score	1.63287125653364	none	atac_1000_rna_500_cells_2000	2000	1000	500	6.30102999566398	6
Kendall	0.0711156789707758	none	atac_1000_rna_500_cells_2000	2000	1000	500	6.30102999566398	6
numTSSEnhGene	-1.59069339116347	none	atac_2000_rna_1000_cells_2000	2000	2000	1000	6.60205999132796	6.30102999566398
normalizedATAC_prom	-1.27641719243662	none	atac_2000_rna_1000_cells_2000	2000	2000	1000	6.60205999132796	6.30102999566398
numNearbyEnhancers	0.140450285945022	none	atac_2000_rna_1000_cells_2000	2000	2000	1000	6.60205999132796	6.30102999566398
ubiqExpressed	-0.344419921538009	none	atac_2000_rna_1000_cells_2000	2000	2000	1000	6.60205999132796	6.30102999566398
numCandidateEnhGene	0.509051806058342	none	atac_2000_rna_1000_cells_2000	2000	2000	1000	6.60205999132796	6.30102999566398
ABC.Score	1.8570263259314	none	atac_2000_rna_1000_cells_2000	2000	2000	1000	6.60205999132796	6.30102999566398
Kendall	0.0279391675475011	none	atac_2000_rna_1000_cells_2000	2000	2000	1000	6.60205999132796	6.30102999566398
numTSSEnhGene	-1.56312940442079	none	atac_4000_rna_2000_cells_2000	2000	4000	2000	6.90308998699194	6.60205999132796
normalizedATAC_prom	-1.41624330344407	none	atac_4000_rna_2000_cells_2000	2000	4000	2000	6.90308998699194	6.60205999132796
numNearbyEnhancers	0.136713945408551	none	atac_4000_rna_2000_cells_2000	2000	4000	2000	6.90308998699194	6.60205999132796
ubiqExpressed	-0.329971520584644	none	atac_4000_rna_2000_cells_2000	2000	4000	2000	6.90308998699194	6.60205999132796
numCandidateEnhGene	0.293933430051504	none	atac_4000_rna_2000_cells_2000	2000	4000	2000	6.90308998699194	6.60205999132796
ABC.Score	1.55374441878953	none	atac_4000_rna_2000_cells_2000	2000	4000	2000	6.90308998699194	6.60205999132796
Kendall	0.225697632659542	none	atac_4000_rna_2000_cells_2000	2000	4000	2000	6.90308998699194	6.60205999132796
numTSSEnhGene	-1.48679311351095	none	atac_10000_rna_5000_cells_2000	2000	10000	5000	7.30102999566398	7
normalizedATAC_prom	-1.21752014531216	none	atac_10000_rna_5000_cells_2000	2000	10000	5000	7.30102999566398	7
numNearbyEnhancers	0.173877462789934	none	atac_10000_rna_5000_cells_2000	2000	10000	5000	7.30102999566398	7
ubiqExpressed	-0.306597454418168	none	atac_10000_rna_5000_cells_2000	2000	10000	5000	7.30102999566398	7
numCandidateEnhGene	0.409211053499739	none	atac_10000_rna_5000_cells_2000	2000	10000	5000	7.30102999566398	7
ABC.Score	1.8208513193678	none	atac_10000_rna_5000_cells_2000	2000	10000	5000	7.30102999566398	7
Kendall	0.208595968514735	none	atac_10000_rna_5000_cells_2000	2000	10000	5000	7.30102999566398	7
numTSSEnhGene	-1.47943965827352	none	atac_20000_rna_10000_cells_2000	2000	20000	10000	7.60205999132796	7.30102999566398
normalizedATAC_prom	-1.25799665439952	none	atac_20000_rna_10000_cells_2000	2000	20000	10000	7.60205999132796	7.30102999566398
numNearbyEnhancers	0.140492157982503	none	atac_20000_rna_10000_cells_2000	2000	20000	10000	7.60205999132796	7.30102999566398
ubiqExpressed	-0.296160872803586	none	atac_20000_rna_10000_cells_2000	2000	20000	10000	7.60205999132796	7.30102999566398
numCandidateEnhGene	0.33248356178017	none	atac_20000_rna_10000_cells_2000	2000	20000	10000	7.60205999132796	7.30102999566398
ABC.Score	1.68562993170812	none	atac_20000_rna_10000_cells_2000	2000	20000	10000	7.60205999132796	7.30102999566398
Kendall	0.846341911155755	none	atac_20000_rna_10000_cells_2000	2000	20000	10000	7.60205999132796	7.30102999566398
numTSSEnhGene	-1.45131360815668	none	atac_30000_rna_15000_cells_2000	2000	30000	15000	7.77815125038364	7.47712125471966
normalizedATAC_prom	-1.1323003538995	none	atac_30000_rna_15000_cells_2000	2000	30000	15000	7.77815125038364	7.47712125471966
numNearbyEnhancers	0.191059091259396	none	atac_30000_rna_15000_cells_2000	2000	30000	15000	7.77815125038364	7.47712125471966
ubiqExpressed	-0.327812750856393	none	atac_30000_rna_15000_cells_2000	2000	30000	15000	7.77815125038364	7.47712125471966
numCandidateEnhGene	0.400026673394503	none	atac_30000_rna_15000_cells_2000	2000	30000	15000	7.77815125038364	7.47712125471966
ABC.Score	1.77741998191046	none	atac_30000_rna_15000_cells_2000	2000	30000	15000	7.77815125038364	7.47712125471966
Kendall	0.735921282772582	none	atac_30000_rna_15000_cells_2000	2000	30000	15000	7.77815125038364	7.47712125471966
numTSSEnhGene	-1.53425393024234	none	atac_33387_rna_16694_cells_2000	2000	33387	16694	7.82460739279624	7.52359040482921
normalizedATAC_prom	-1.21302833743909	none	atac_33387_rna_16694_cells_2000	2000	33387	16694	7.82460739279624	7.52359040482921
numNearbyEnhancers	0.167018335229698	none	atac_33387_rna_16694_cells_2000	2000	33387	16694	7.82460739279624	7.52359040482921
ubiqExpressed	-0.313782689582442	none	atac_33387_rna_16694_cells_2000	2000	33387	16694	7.82460739279624	7.52359040482921
numCandidateEnhGene	0.453784387645967	none	atac_33387_rna_16694_cells_2000	2000	33387	16694	7.82460739279624	7.52359040482921
ABC.Score	1.77615081351662	none	atac_33387_rna_16694_cells_2000	2000	33387	16694	7.82460739279624	7.52359040482921
Kendall	0.83894881131622	none	atac_33387_rna_16694_cells_2000	2000	33387	16694	7.82460739279624	7.52359040482921
numTSSEnhGene	-1.54817816875887	none	atac_1000_rna_500_cells_5000	5000	1000	500	6.69897000433602	6.39794000867204
normalizedATAC_prom	-1.19793802038689	none	atac_1000_rna_500_cells_5000	5000	1000	500	6.69897000433602	6.39794000867204
numNearbyEnhancers	0.152969813240126	none	atac_1000_rna_500_cells_5000	5000	1000	500	6.69897000433602	6.39794000867204
ubiqExpressed	-0.32554712718084	none	atac_1000_rna_500_cells_5000	5000	1000	500	6.69897000433602	6.39794000867204
numCandidateEnhGene	0.373016964222669	none	atac_1000_rna_500_cells_5000	5000	1000	500	6.69897000433602	6.39794000867204
ABC.Score	1.72536144048757	none	atac_1000_rna_500_cells_5000	5000	1000	500	6.69897000433602	6.39794000867204
Kendall	0.141225482591273	none	atac_1000_rna_500_cells_5000	5000	1000	500	6.69897000433602	6.39794000867204
numTSSEnhGene	-1.5619747141393	none	atac_2000_rna_1000_cells_5000	5000	2000	1000	7	6.69897000433602
normalizedATAC_prom	-1.14839892090474	none	atac_2000_rna_1000_cells_5000	5000	2000	1000	7	6.69897000433602
numNearbyEnhancers	0.156646411157233	none	atac_2000_rna_1000_cells_5000	5000	2000	1000	7	6.69897000433602
ubiqExpressed	-0.34197504544399	none	atac_2000_rna_1000_cells_5000	5000	2000	1000	7	6.69897000433602
numCandidateEnhGene	0.478155456362093	none	atac_2000_rna_1000_cells_5000	5000	2000	1000	7	6.69897000433602
ABC.Score	1.88071841561958	none	atac_2000_rna_1000_cells_5000	5000	2000	1000	7	6.69897000433602
Kendall	-0.05851289881451	none	atac_2000_rna_1000_cells_5000	5000	2000	1000	7	6.69897000433602
numTSSEnhGene	-1.48746916680514	none	atac_4000_rna_2000_cells_5000	5000	4000	2000	7.30102999566398	7
normalizedATAC_prom	-1.12502747340152	none	atac_4000_rna_2000_cells_5000	5000	4000	2000	7.30102999566398	7
numNearbyEnhancers	0.135424460559299	none	atac_4000_rna_2000_cells_5000	5000	4000	2000	7.30102999566398	7
ubiqExpressed	-0.347062829150764	none	atac_4000_rna_2000_cells_5000	5000	4000	2000	7.30102999566398	7
numCandidateEnhGene	0.45087016114488	none	atac_4000_rna_2000_cells_5000	5000	4000	2000	7.30102999566398	7
ABC.Score	1.87603217359835	none	atac_4000_rna_2000_cells_5000	5000	4000	2000	7.30102999566398	7
Kendall	0.336540439290892	none	atac_4000_rna_2000_cells_5000	5000	4000	2000	7.30102999566398	7
numTSSEnhGene	-1.52351122306342	none	atac_10000_rna_5000_cells_5000	5000	10000	5000	7.69897000433602	7.39794000867204
normalizedATAC_prom	-1.34232785873225	none	atac_10000_rna_5000_cells_5000	5000	10000	5000	7.69897000433602	7.39794000867204
numNearbyEnhancers	0.187113067646765	none	atac_10000_rna_5000_cells_5000	5000	10000	5000	7.69897000433602	7.39794000867204
ubiqExpressed	-0.324576944309568	none	atac_10000_rna_5000_cells_5000	5000	10000	5000	7.69897000433602	7.39794000867204
numCandidateEnhGene	0.443452002168403	none	atac_10000_rna_5000_cells_5000	5000	10000	5000	7.69897000433602	7.39794000867204
ABC.Score	1.78447103560403	none	atac_10000_rna_5000_cells_5000	5000	10000	5000	7.69897000433602	7.39794000867204
Kendall	0.456915108010276	none	atac_10000_rna_5000_cells_5000	5000	10000	5000	7.69897000433602	7.39794000867204
numTSSEnhGene	-1.46866591112215	none	atac_20000_rna_10000_cells_5000	5000	20000	10000	8	7.69897000433602
normalizedATAC_prom	-1.20225046983866	none	atac_20000_rna_10000_cells_5000	5000	20000	10000	8	7.69897000433602
numNearbyEnhancers	0.159219723540991	none	atac_20000_rna_10000_cells_5000	5000	20000	10000	8	7.69897000433602
ubiqExpressed	-0.334831815719566	none	atac_20000_rna_10000_cells_5000	5000	20000	10000	8	7.69897000433602
numCandidateEnhGene	0.372133866933181	none	atac_20000_rna_10000_cells_5000	5000	20000	10000	8	7.69897000433602
ABC.Score	1.69977233442015	none	atac_20000_rna_10000_cells_5000	5000	20000	10000	8	7.69897000433602
Kendall	0.935299577899825	none	atac_20000_rna_10000_cells_5000	5000	20000	10000	8	7.69897000433602
numTSSEnhGene	-1.39997669550587	none	atac_30000_rna_15000_cells_5000	5000	30000	15000	8.17609125905568	7.8750612633917
normalizedATAC_prom	-1.29165516761591	none	atac_30000_rna_15000_cells_5000	5000	30000	15000	8.17609125905568	7.8750612633917
numNearbyEnhancers	0.1673393167244	none	atac_30000_rna_15000_cells_5000	5000	30000	15000	8.17609125905568	7.8750612633917
ubiqExpressed	-0.29880830564294	none	atac_30000_rna_15000_cells_5000	5000	30000	15000	8.17609125905568	7.8750612633917
numCandidateEnhGene	0.299144340591527	none	atac_30000_rna_15000_cells_5000	5000	30000	15000	8.17609125905568	7.8750612633917
ABC.Score	1.61420033499586	none	atac_30000_rna_15000_cells_5000	5000	30000	15000	8.17609125905568	7.8750612633917
Kendall	1.03217029330773	none	atac_30000_rna_15000_cells_5000	5000	30000	15000	8.17609125905568	7.8750612633917
numTSSEnhGene	-1.38390027220987	none	atac_33387_rna_16694_cells_5000	5000	33387	16694	8.22254740146827	7.92153041350124
normalizedATAC_prom	-1.16393276120013	none	atac_33387_rna_16694_cells_5000	5000	33387	16694	8.22254740146827	7.92153041350124
numNearbyEnhancers	0.170795614052475	none	atac_33387_rna_16694_cells_5000	5000	33387	16694	8.22254740146827	7.92153041350124
ubiqExpressed	-0.295634612460062	none	atac_33387_rna_16694_cells_5000	5000	33387	16694	8.22254740146827	7.92153041350124
numCandidateEnhGene	0.284200137899738	none	atac_33387_rna_16694_cells_5000	5000	33387	16694	8.22254740146827	7.92153041350124
ABC.Score	1.59615484783765	none	atac_33387_rna_16694_cells_5000	5000	33387	16694	8.22254740146827	7.92153041350124
Kendall	1.12794880954168	none	atac_33387_rna_16694_cells_5000	5000	33387	16694	8.22254740146827	7.92153041350124
numTSSEnhGene	-1.56918956721811	none	atac_1000_rna_500_cells_7821	7821	1000	500	6.89326228588799	6.59223229022401
normalizedATAC_prom	-1.42787549466498	none	atac_1000_rna_500_cells_7821	7821	1000	500	6.89326228588799	6.59223229022401
numNearbyEnhancers	0.192255512542171	none	atac_1000_rna_500_cells_7821	7821	1000	500	6.89326228588799	6.59223229022401
ubiqExpressed	-0.332733279217532	none	atac_1000_rna_500_cells_7821	7821	1000	500	6.89326228588799	6.59223229022401
numCandidateEnhGene	0.457471602219434	none	atac_1000_rna_500_cells_7821	7821	1000	500	6.89326228588799	6.59223229022401
ABC.Score	1.81918014604748	none	atac_1000_rna_500_cells_7821	7821	1000	500	6.89326228588799	6.59223229022401
Kendall	-0.0109097209809923	none	atac_1000_rna_500_cells_7821	7821	1000	500	6.89326228588799	6.59223229022401
numTSSEnhGene	-1.55169269854463	none	atac_2000_rna_1000_cells_7821	7821	2000	1000	7.19429228155197	6.89326228588799
normalizedATAC_prom	-1.32388347211453	none	atac_2000_rna_1000_cells_7821	7821	2000	1000	7.19429228155197	6.89326228588799
numNearbyEnhancers	0.190500354927204	none	atac_2000_rna_1000_cells_7821	7821	2000	1000	7.19429228155197	6.89326228588799
ubiqExpressed	-0.318447258194002	none	atac_2000_rna_1000_cells_7821	7821	2000	1000	7.19429228155197	6.89326228588799
numCandidateEnhGene	0.397597379572756	none	atac_2000_rna_1000_cells_7821	7821	2000	1000	7.19429228155197	6.89326228588799
ABC.Score	1.74539598670503	none	atac_2000_rna_1000_cells_7821	7821	2000	1000	7.19429228155197	6.89326228588799
Kendall	0.278612035989833	none	atac_2000_rna_1000_cells_7821	7821	2000	1000	7.19429228155197	6.89326228588799
numTSSEnhGene	-1.50298489814869	none	atac_4000_rna_2000_cells_7821	7821	4000	2000	7.49532227721595	7.19429228155197
normalizedATAC_prom	-1.22561875604507	none	atac_4000_rna_2000_cells_7821	7821	4000	2000	7.49532227721595	7.19429228155197
numNearbyEnhancers	0.140946450013885	none	atac_4000_rna_2000_cells_7821	7821	4000	2000	7.49532227721595	7.19429228155197
ubiqExpressed	-0.337574882950426	none	atac_4000_rna_2000_cells_7821	7821	4000	2000	7.49532227721595	7.19429228155197
numCandidateEnhGene	0.418819710929943	none	atac_4000_rna_2000_cells_7821	7821	4000	2000	7.49532227721595	7.19429228155197
ABC.Score	1.82404390366345	none	atac_4000_rna_2000_cells_7821	7821	4000	2000	7.49532227721595	7.19429228155197
Kendall	0.470218156388559	none	atac_4000_rna_2000_cells_7821	7821	4000	2000	7.49532227721595	7.19429228155197
numTSSEnhGene	-1.52755916474321	none	atac_10000_rna_5000_cells_7821	7821	10000	5000	7.89326228588799	7.59223229022401
normalizedATAC_prom	-1.43283115496188	none	atac_10000_rna_5000_cells_7821	7821	10000	5000	7.89326228588799	7.59223229022401
numNearbyEnhancers	0.156518376613727	none	atac_10000_rna_5000_cells_7821	7821	10000	5000	7.89326228588799	7.59223229022401
ubiqExpressed	-0.32487768356825	none	atac_10000_rna_5000_cells_7821	7821	10000	5000	7.89326228588799	7.59223229022401
numCandidateEnhGene	0.404127958485711	none	atac_10000_rna_5000_cells_7821	7821	10000	5000	7.89326228588799	7.59223229022401
ABC.Score	1.69258604506076	none	atac_10000_rna_5000_cells_7821	7821	10000	5000	7.89326228588799	7.59223229022401
Kendall	0.646816538432802	none	atac_10000_rna_5000_cells_7821	7821	10000	5000	7.89326228588799	7.59223229022401
numTSSEnhGene	-1.44955865898293	none	atac_20000_rna_10000_cells_7821	7821	20000	10000	8.19429228155197	7.89326228588799
normalizedATAC_prom	-1.24332668369573	none	atac_20000_rna_10000_cells_7821	7821	20000	10000	8.19429228155197	7.89326228588799
numNearbyEnhancers	0.157169856819835	none	atac_20000_rna_10000_cells_7821	7821	20000	10000	8.19429228155197	7.89326228588799
ubiqExpressed	-0.312042402075848	none	atac_20000_rna_10000_cells_7821	7821	20000	10000	8.19429228155197	7.89326228588799
numCandidateEnhGene	0.35358545020846	none	atac_20000_rna_10000_cells_7821	7821	20000	10000	8.19429228155197	7.89326228588799
ABC.Score	1.65943882099872	none	atac_20000_rna_10000_cells_7821	7821	20000	10000	8.19429228155197	7.89326228588799
Kendall	1.13367497246185	none	atac_20000_rna_10000_cells_7821	7821	20000	10000	8.19429228155197	7.89326228588799
numTSSEnhGene	-1.39865873037538	none	atac_30000_rna_15000_cells_7821	7821	30000	15000	8.37038354060765	8.06935354494367
normalizedATAC_prom	-1.12291369999099	none	atac_30000_rna_15000_cells_7821	7821	30000	15000	8.37038354060765	8.06935354494367
numNearbyEnhancers	0.183862798508552	none	atac_30000_rna_15000_cells_7821	7821	30000	15000	8.37038354060765	8.06935354494367
ubiqExpressed	-0.295145003497025	none	atac_30000_rna_15000_cells_7821	7821	30000	15000	8.37038354060765	8.06935354494367
numCandidateEnhGene	0.293091830336395	none	atac_30000_rna_15000_cells_7821	7821	30000	15000	8.37038354060765	8.06935354494367
ABC.Score	1.56539486266917	none	atac_30000_rna_15000_cells_7821	7821	30000	15000	8.37038354060765	8.06935354494367
Kendall	1.28653047202274	none	atac_30000_rna_15000_cells_7821	7821	30000	15000	8.37038354060765	8.06935354494367
numTSSEnhGene	-1.38131729827751	none	atac_33387_rna_16694_cells_7821	7821	33387	16694	8.41683968302025	8.11582269505321
normalizedATAC_prom	-1.10564936145384	none	atac_33387_rna_16694_cells_7821	7821	33387	16694	8.41683968302025	8.11582269505321
numNearbyEnhancers	0.158574360972765	none	atac_33387_rna_16694_cells_7821	7821	33387	16694	8.41683968302025	8.11582269505321
ubiqExpressed	-0.297136735791699	none	atac_33387_rna_16694_cells_7821	7821	33387	16694	8.41683968302025	8.11582269505321
numCandidateEnhGene	0.297310690920287	none	atac_33387_rna_16694_cells_7821	7821	33387	16694	8.41683968302025	8.11582269505321
ABC.Score	1.58660002645904	none	atac_33387_rna_16694_cells_7821	7821	33387	16694	8.41683968302025	8.11582269505321
Kendall	1.3125637357709	none	atac_33387_rna_16694_cells_7821	7821	33387	16694	8.41683968302025	8.11582269505321
numTSSEnhGene	-1.63505722004001	none	atac_1000_rna_100_cells_100	100	1000	100	5	4
normalizedATAC_prom	0.664693716912055	none	atac_1000_rna_100_cells_100	100	1000	100	5	4
numNearbyEnhancers	0.122263879782122	none	atac_1000_rna_100_cells_100	100	1000	100	5	4
ubiqExpressed	-0.268257991370947	none	atac_1000_rna_100_cells_100	100	1000	100	5	4
numCandidateEnhGene	0.315536766272808	none	atac_1000_rna_100_cells_100	100	1000	100	5	4
ABC.Score	1.15017053062858	none	atac_1000_rna_100_cells_100	100	1000	100	5	4
Kendall	-0.512842787101979	none	atac_1000_rna_100_cells_100	100	1000	100	5	4
numTSSEnhGene	-1.52672783498213	none	atac_2000_rna_200_cells_100	100	2000	200	5.30102999566398	4.30102999566398
normalizedATAC_prom	-0.130928514930859	none	atac_2000_rna_200_cells_100	100	2000	200	5.30102999566398	4.30102999566398
numNearbyEnhancers	0.0348417842298644	none	atac_2000_rna_200_cells_100	100	2000	200	5.30102999566398	4.30102999566398
ubiqExpressed	-0.320097849386221	none	atac_2000_rna_200_cells_100	100	2000	200	5.30102999566398	4.30102999566398
numCandidateEnhGene	-0.0444176871120267	none	atac_2000_rna_200_cells_100	100	2000	200	5.30102999566398	4.30102999566398
ABC.Score	0.893992744599748	none	atac_2000_rna_200_cells_100	100	2000	200	5.30102999566398	4.30102999566398
Kendall	-0.1101048621543	none	atac_2000_rna_200_cells_100	100	2000	200	5.30102999566398	4.30102999566398
numTSSEnhGene	-1.54798473978576	none	atac_4000_rna_400_cells_100	100	4000	400	5.60205999132796	4.60205999132796
normalizedATAC_prom	-0.299136809621736	none	atac_4000_rna_400_cells_100	100	4000	400	5.60205999132796	4.60205999132796
numNearbyEnhancers	0.149777386737768	none	atac_4000_rna_400_cells_100	100	4000	400	5.60205999132796	4.60205999132796
ubiqExpressed	-0.358948593805959	none	atac_4000_rna_400_cells_100	100	4000	400	5.60205999132796	4.60205999132796
numCandidateEnhGene	-0.11431362360986	none	atac_4000_rna_400_cells_100	100	4000	400	5.60205999132796	4.60205999132796
ABC.Score	0.958801974420476	none	atac_4000_rna_400_cells_100	100	4000	400	5.60205999132796	4.60205999132796
Kendall	-0.295931729651157	none	atac_4000_rna_400_cells_100	100	4000	400	5.60205999132796	4.60205999132796
numTSSEnhGene	-1.53033258483504	none	atac_10000_rna_1000_cells_100	100	10000	1000	6	5
normalizedATAC_prom	-1.33631801658944	none	atac_10000_rna_1000_cells_100	100	10000	1000	6	5
numNearbyEnhancers	0.078244726358754	none	atac_10000_rna_1000_cells_100	100	10000	1000	6	5
ubiqExpressed	-0.318750414702546	none	atac_10000_rna_1000_cells_100	100	10000	1000	6	5
numCandidateEnhGene	0.0763178453455191	none	atac_10000_rna_1000_cells_100	100	10000	1000	6	5
ABC.Score	1.20530068904119	none	atac_10000_rna_1000_cells_100	100	10000	1000	6	5
Kendall	-0.231451925891104	none	atac_10000_rna_1000_cells_100	100	10000	1000	6	5
numTSSEnhGene	-1.57944870712511	none	atac_20000_rna_2000_cells_100	100	20000	2000	6.30102999566398	5.30102999566398
normalizedATAC_prom	-1.27831675446016	none	atac_20000_rna_2000_cells_100	100	20000	2000	6.30102999566398	5.30102999566398
numNearbyEnhancers	0.136109535361559	none	atac_20000_rna_2000_cells_100	100	20000	2000	6.30102999566398	5.30102999566398
ubiqExpressed	-0.346200127375039	none	atac_20000_rna_2000_cells_100	100	20000	2000	6.30102999566398	5.30102999566398
numCandidateEnhGene	0.324832610703605	none	atac_20000_rna_2000_cells_100	100	20000	2000	6.30102999566398	5.30102999566398
ABC.Score	1.53468854711678	none	atac_20000_rna_2000_cells_100	100	20000	2000	6.30102999566398	5.30102999566398
Kendall	-0.0597907736608995	none	atac_20000_rna_2000_cells_100	100	20000	2000	6.30102999566398	5.30102999566398
numTSSEnhGene	-1.57421418770059	none	atac_30000_rna_3000_cells_100	100	30000	3000	6.47712125471966	5.47712125471966
normalizedATAC_prom	-1.40698890597181	none	atac_30000_rna_3000_cells_100	100	30000	3000	6.47712125471966	5.47712125471966
numNearbyEnhancers	0.0923259364631338	none	atac_30000_rna_3000_cells_100	100	30000	3000	6.47712125471966	5.47712125471966
ubiqExpressed	-0.30845767729139	none	atac_30000_rna_3000_cells_100	100	30000	3000	6.47712125471966	5.47712125471966
numCandidateEnhGene	0.415289531217392	none	atac_30000_rna_3000_cells_100	100	30000	3000	6.47712125471966	5.47712125471966
ABC.Score	1.72447728567198	none	atac_30000_rna_3000_cells_100	100	30000	3000	6.47712125471966	5.47712125471966
Kendall	-0.00142573300505215	none	atac_30000_rna_3000_cells_100	100	30000	3000	6.47712125471966	5.47712125471966
numTSSEnhGene	-1.5701818820834	none	atac_33387_rna_3339_cells_100	100	33387	3339	6.52357739713225	5.52361641905437
normalizedATAC_prom	-1.04677053623406	none	atac_33387_rna_3339_cells_100	100	33387	3339	6.52357739713225	5.52361641905437
numNearbyEnhancers	0.133319908296276	none	atac_33387_rna_3339_cells_100	100	33387	3339	6.52357739713225	5.52361641905437
ubiqExpressed	-0.346158929970311	none	atac_33387_rna_3339_cells_100	100	33387	3339	6.52357739713225	5.52361641905437
numCandidateEnhGene	0.4565820875775	none	atac_33387_rna_3339_cells_100	100	33387	3339	6.52357739713225	5.52361641905437
ABC.Score	1.80990030897754	none	atac_33387_rna_3339_cells_100	100	33387	3339	6.52357739713225	5.52361641905437
Kendall	0.0543913157790203	none	atac_33387_rna_3339_cells_100	100	33387	3339	6.52357739713225	5.52361641905437
numTSSEnhGene	-1.36444455997274	none	atac_1000_rna_100_cells_200	200	1000	100	5.30102999566398	4.30102999566398
normalizedATAC_prom	-0.111935142858897	none	atac_1000_rna_100_cells_200	200	1000	100	5.30102999566398	4.30102999566398
numNearbyEnhancers	0.00241538916329295	none	atac_1000_rna_100_cells_200	200	1000	100	5.30102999566398	4.30102999566398
ubiqExpressed	-0.358944905454188	none	atac_1000_rna_100_cells_200	200	1000	100	5.30102999566398	4.30102999566398
numCandidateEnhGene	-0.352686716035395	none	atac_1000_rna_100_cells_200	200	1000	100	5.30102999566398	4.30102999566398
ABC.Score	0.678141853814347	none	atac_1000_rna_100_cells_200	200	1000	100	5.30102999566398	4.30102999566398
Kendall	-0.11569045712713	none	atac_1000_rna_100_cells_200	200	1000	100	5.30102999566398	4.30102999566398
numTSSEnhGene	-1.38420312657265	none	atac_2000_rna_200_cells_200	200	2000	200	5.60205999132796	4.60205999132796
normalizedATAC_prom	-0.419888730755188	none	atac_2000_rna_200_cells_200	200	2000	200	5.60205999132796	4.60205999132796
numNearbyEnhancers	0.116882403583542	none	atac_2000_rna_200_cells_200	200	2000	200	5.60205999132796	4.60205999132796
ubiqExpressed	-0.296121624841255	none	atac_2000_rna_200_cells_200	200	2000	200	5.60205999132796	4.60205999132796
numCandidateEnhGene	-0.258905519091361	none	atac_2000_rna_200_cells_200	200	2000	200	5.60205999132796	4.60205999132796
ABC.Score	0.86836673337258	none	atac_2000_rna_200_cells_200	200	2000	200	5.60205999132796	4.60205999132796
Kendall	-0.120783142897774	none	atac_2000_rna_200_cells_200	200	2000	200	5.60205999132796	4.60205999132796
numTSSEnhGene	-1.51769377356899	none	atac_4000_rna_400_cells_200	200	4000	400	5.90308998699194	4.90308998699194
normalizedATAC_prom	-0.759977107810944	none	atac_4000_rna_400_cells_200	200	4000	400	5.90308998699194	4.90308998699194
numNearbyEnhancers	0.108214545180182	none	atac_4000_rna_400_cells_200	200	4000	400	5.90308998699194	4.90308998699194
ubiqExpressed	-0.338141948330382	none	atac_4000_rna_400_cells_200	200	4000	400	5.90308998699194	4.90308998699194
numCandidateEnhGene	0.174665766905229	none	atac_4000_rna_400_cells_200	200	4000	400	5.90308998699194	4.90308998699194
ABC.Score	1.38118743836155	none	atac_4000_rna_400_cells_200	200	4000	400	5.90308998699194	4.90308998699194
Kendall	-0.180883301277618	none	atac_4000_rna_400_cells_200	200	4000	400	5.90308998699194	4.90308998699194
numTSSEnhGene	-1.50978978107745	none	atac_10000_rna_1000_cells_200	200	10000	1000	6.30102999566398	5.30102999566398
normalizedATAC_prom	-1.14341164445256	none	atac_10000_rna_1000_cells_200	200	10000	1000	6.30102999566398	5.30102999566398
numNearbyEnhancers	0.152218848605713	none	atac_10000_rna_1000_cells_200	200	10000	1000	6.30102999566398	5.30102999566398
ubiqExpressed	-0.32518181879089	none	atac_10000_rna_1000_cells_200	200	10000	1000	6.30102999566398	5.30102999566398
numCandidateEnhGene	0.288387413357082	none	atac_10000_rna_1000_cells_200	200	10000	1000	6.30102999566398	5.30102999566398
ABC.Score	1.54188076209543	none	atac_10000_rna_1000_cells_200	200	10000	1000	6.30102999566398	5.30102999566398
Kendall	-0.134238319572429	none	atac_10000_rna_1000_cells_200	200	10000	1000	6.30102999566398	5.30102999566398
numTSSEnhGene	-1.60728291278832	none	atac_20000_rna_2000_cells_200	200	20000	2000	6.60205999132796	5.60205999132796
normalizedATAC_prom	-0.996296021365118	none	atac_20000_rna_2000_cells_200	200	20000	2000	6.60205999132796	5.60205999132796
numNearbyEnhancers	0.128640345396587	none	atac_20000_rna_2000_cells_200	200	20000	2000	6.60205999132796	5.60205999132796
ubiqExpressed	-0.338252811478478	none	atac_20000_rna_2000_cells_200	200	20000	2000	6.60205999132796	5.60205999132796
numCandidateEnhGene	0.449916405213207	none	atac_20000_rna_2000_cells_200	200	20000	2000	6.60205999132796	5.60205999132796
ABC.Score	1.73493129075128	none	atac_20000_rna_2000_cells_200	200	20000	2000	6.60205999132796	5.60205999132796
Kendall	0.0534031255245769	none	atac_20000_rna_2000_cells_200	200	20000	2000	6.60205999132796	5.60205999132796
numTSSEnhGene	-1.54384069928074	none	atac_30000_rna_3000_cells_200	200	30000	3000	6.77815125038364	5.77815125038364
normalizedATAC_prom	-1.21920869129569	none	atac_30000_rna_3000_cells_200	200	30000	3000	6.77815125038364	5.77815125038364
numNearbyEnhancers	0.141628365590069	none	atac_30000_rna_3000_cells_200	200	30000	3000	6.77815125038364	5.77815125038364
ubiqExpressed	-0.32218181644222	none	atac_30000_rna_3000_cells_200	200	30000	3000	6.77815125038364	5.77815125038364
numCandidateEnhGene	0.415323360279967	none	atac_30000_rna_3000_cells_200	200	30000	3000	6.77815125038364	5.77815125038364
ABC.Score	1.80460715908912	none	atac_30000_rna_3000_cells_200	200	30000	3000	6.77815125038364	5.77815125038364
Kendall	0.146770549009841	none	atac_30000_rna_3000_cells_200	200	30000	3000	6.77815125038364	5.77815125038364
numTSSEnhGene	-1.58047320046037	none	atac_33387_rna_3339_cells_200	200	33387	3339	6.82460739279624	5.82464641471835
normalizedATAC_prom	-1.29620057322638	none	atac_33387_rna_3339_cells_200	200	33387	3339	6.82460739279624	5.82464641471835
numNearbyEnhancers	0.134661656466273	none	atac_33387_rna_3339_cells_200	200	33387	3339	6.82460739279624	5.82464641471835
ubiqExpressed	-0.334377248498726	none	atac_33387_rna_3339_cells_200	200	33387	3339	6.82460739279624	5.82464641471835
numCandidateEnhGene	0.494281396667513	none	atac_33387_rna_3339_cells_200	200	33387	3339	6.82460739279624	5.82464641471835
ABC.Score	1.86775106249323	none	atac_33387_rna_3339_cells_200	200	33387	3339	6.82460739279624	5.82464641471835
Kendall	0.029929139032328	none	atac_33387_rna_3339_cells_200	200	33387	3339	6.82460739279624	5.82464641471835
numTSSEnhGene	-1.45290259088799	none	atac_1000_rna_100_cells_500	500	1000	100	5.69897000433602	4.69897000433602
normalizedATAC_prom	-0.992396247859988	none	atac_1000_rna_100_cells_500	500	1000	100	5.69897000433602	4.69897000433602
numNearbyEnhancers	0.0901776648415986	none	atac_1000_rna_100_cells_500	500	1000	100	5.69897000433602	4.69897000433602
ubiqExpressed	-0.302918332250871	none	atac_1000_rna_100_cells_500	500	1000	100	5.69897000433602	4.69897000433602
numCandidateEnhGene	-0.182547762184819	none	atac_1000_rna_100_cells_500	500	1000	100	5.69897000433602	4.69897000433602
ABC.Score	1.02002569209414	none	atac_1000_rna_100_cells_500	500	1000	100	5.69897000433602	4.69897000433602
Kendall	0.0103218740535466	none	atac_1000_rna_100_cells_500	500	1000	100	5.69897000433602	4.69897000433602
numTSSEnhGene	-1.57246556105398	none	atac_2000_rna_200_cells_500	500	2000	200	6	5
normalizedATAC_prom	-0.965652645792922	none	atac_2000_rna_200_cells_500	500	2000	200	6	5
numNearbyEnhancers	0.158320608665686	none	atac_2000_rna_200_cells_500	500	2000	200	6	5
ubiqExpressed	-0.360946564552801	none	atac_2000_rna_200_cells_500	500	2000	200	6	5
numCandidateEnhGene	0.126949028558272	none	atac_2000_rna_200_cells_500	500	2000	200	6	5
ABC.Score	1.20581288359089	none	atac_2000_rna_200_cells_500	500	2000	200	6	5
Kendall	-0.0798102107887062	none	atac_2000_rna_200_cells_500	500	2000	200	6	5
numTSSEnhGene	-1.51814705162318	none	atac_4000_rna_400_cells_500	500	4000	400	6.30102999566398	5.30102999566398
normalizedATAC_prom	-1.20999868150686	none	atac_4000_rna_400_cells_500	500	4000	400	6.30102999566398	5.30102999566398
numNearbyEnhancers	0.0592069658471147	none	atac_4000_rna_400_cells_500	500	4000	400	6.30102999566398	5.30102999566398
ubiqExpressed	-0.335797520577228	none	atac_4000_rna_400_cells_500	500	4000	400	6.30102999566398	5.30102999566398
numCandidateEnhGene	0.286144686881556	none	atac_4000_rna_400_cells_500	500	4000	400	6.30102999566398	5.30102999566398
ABC.Score	1.58011249811737	none	atac_4000_rna_400_cells_500	500	4000	400	6.30102999566398	5.30102999566398
Kendall	0.0390252217738661	none	atac_4000_rna_400_cells_500	500	4000	400	6.30102999566398	5.30102999566398
numTSSEnhGene	-1.60608757534823	none	atac_10000_rna_1000_cells_500	500	10000	1000	6.69897000433602	5.69897000433602
normalizedATAC_prom	-1.34760261089841	none	atac_10000_rna_1000_cells_500	500	10000	1000	6.69897000433602	5.69897000433602
numNearbyEnhancers	0.152713771333124	none	atac_10000_rna_1000_cells_500	500	10000	1000	6.69897000433602	5.69897000433602
ubiqExpressed	-0.33198318427001	none	atac_10000_rna_1000_cells_500	500	10000	1000	6.69897000433602	5.69897000433602
numCandidateEnhGene	0.456350745178024	none	atac_10000_rna_1000_cells_500	500	10000	1000	6.69897000433602	5.69897000433602
ABC.Score	1.76299420275573	none	atac_10000_rna_1000_cells_500	500	10000	1000	6.69897000433602	5.69897000433602
Kendall	0.0174555791407162	none	atac_10000_rna_1000_cells_500	500	10000	1000	6.69897000433602	5.69897000433602
numTSSEnhGene	-1.54702550403371	none	atac_20000_rna_2000_cells_500	500	20000	2000	7	6
normalizedATAC_prom	-1.20905503851885	none	atac_20000_rna_2000_cells_500	500	20000	2000	7	6
numNearbyEnhancers	0.138613521052965	none	atac_20000_rna_2000_cells_500	500	20000	2000	7	6
ubiqExpressed	-0.331318804863621	none	atac_20000_rna_2000_cells_500	500	20000	2000	7	6
numCandidateEnhGene	0.379203236926787	none	atac_20000_rna_2000_cells_500	500	20000	2000	7	6
ABC.Score	1.72732031773949	none	atac_20000_rna_2000_cells_500	500	20000	2000	7	6
Kendall	0.14679536490185	none	atac_20000_rna_2000_cells_500	500	20000	2000	7	6
numTSSEnhGene	-1.57599548406577	none	atac_30000_rna_3000_cells_500	500	30000	3000	7.17609125905568	6.17609125905568
normalizedATAC_prom	-1.34348288464276	none	atac_30000_rna_3000_cells_500	500	30000	3000	7.17609125905568	6.17609125905568
numNearbyEnhancers	0.22834808261377	none	atac_30000_rna_3000_cells_500	500	30000	3000	7.17609125905568	6.17609125905568
ubiqExpressed	-0.33111315226494	none	atac_30000_rna_3000_cells_500	500	30000	3000	7.17609125905568	6.17609125905568
numCandidateEnhGene	0.471784676227118	none	atac_30000_rna_3000_cells_500	500	30000	3000	7.17609125905568	6.17609125905568
ABC.Score	1.84723734678344	none	atac_30000_rna_3000_cells_500	500	30000	3000	7.17609125905568	6.17609125905568
Kendall	0.209493137325191	none	atac_30000_rna_3000_cells_500	500	30000	3000	7.17609125905568	6.17609125905568
numTSSEnhGene	-1.57362008203071	none	atac_33387_rna_3339_cells_500	500	33387	3339	7.22254740146827	6.22258642339039
normalizedATAC_prom	-1.18688773946938	none	atac_33387_rna_3339_cells_500	500	33387	3339	7.22254740146827	6.22258642339039
numNearbyEnhancers	0.170305266279257	none	atac_33387_rna_3339_cells_500	500	33387	3339	7.22254740146827	6.22258642339039
ubiqExpressed	-0.317720802739547	none	atac_33387_rna_3339_cells_500	500	33387	3339	7.22254740146827	6.22258642339039
numCandidateEnhGene	0.505212211612952	none	atac_33387_rna_3339_cells_500	500	33387	3339	7.22254740146827	6.22258642339039
ABC.Score	1.8773820940663	none	atac_33387_rna_3339_cells_500	500	33387	3339	7.22254740146827	6.22258642339039
Kendall	0.10031488087722	none	atac_33387_rna_3339_cells_500	500	33387	3339	7.22254740146827	6.22258642339039
numTSSEnhGene	-1.57298212808945	none	atac_1000_rna_100_cells_1000	1000	1000	100	6	5
normalizedATAC_prom	-1.44483586793482	none	atac_1000_rna_100_cells_1000	1000	1000	100	6	5
numNearbyEnhancers	0.135892459899801	none	atac_1000_rna_100_cells_1000	1000	1000	100	6	5
ubiqExpressed	-0.327183806072723	none	atac_1000_rna_100_cells_1000	1000	1000	100	6	5
numCandidateEnhGene	0.125385869853007	none	atac_1000_rna_100_cells_1000	1000	1000	100	6	5
ABC.Score	1.29209085186977	none	atac_1000_rna_100_cells_1000	1000	1000	100	6	5
Kendall	-0.182878543916059	none	atac_1000_rna_100_cells_1000	1000	1000	100	6	5
numTSSEnhGene	-1.47314852734673	none	atac_2000_rna_200_cells_1000	1000	2000	200	6.30102999566398	5.30102999566398
normalizedATAC_prom	-1.04126826467603	none	atac_2000_rna_200_cells_1000	1000	2000	200	6.30102999566398	5.30102999566398
numNearbyEnhancers	0.11616284026846	none	atac_2000_rna_200_cells_1000	1000	2000	200	6.30102999566398	5.30102999566398
ubiqExpressed	-0.317743400633269	none	atac_2000_rna_200_cells_1000	1000	2000	200	6.30102999566398	5.30102999566398
numCandidateEnhGene	0.379130442243774	none	atac_2000_rna_200_cells_1000	1000	2000	200	6.30102999566398	5.30102999566398
ABC.Score	1.70437685278762	none	atac_2000_rna_200_cells_1000	1000	2000	200	6.30102999566398	5.30102999566398
Kendall	-0.0391253686560586	none	atac_2000_rna_200_cells_1000	1000	2000	200	6.30102999566398	5.30102999566398
numTSSEnhGene	-1.63242627453029	none	atac_4000_rna_400_cells_1000	1000	4000	400	6.60205999132796	5.60205999132796
normalizedATAC_prom	-1.30540920673738	none	atac_4000_rna_400_cells_1000	1000	4000	400	6.60205999132796	5.60205999132796
numNearbyEnhancers	0.176933984811824	none	atac_4000_rna_400_cells_1000	1000	4000	400	6.60205999132796	5.60205999132796
ubiqExpressed	-0.324415009853537	none	atac_4000_rna_400_cells_1000	1000	4000	400	6.60205999132796	5.60205999132796
numCandidateEnhGene	0.525145817401113	none	atac_4000_rna_400_cells_1000	1000	4000	400	6.60205999132796	5.60205999132796
ABC.Score	1.81133335094415	none	atac_4000_rna_400_cells_1000	1000	4000	400	6.60205999132796	5.60205999132796
Kendall	-0.353036009577477	none	atac_4000_rna_400_cells_1000	1000	4000	400	6.60205999132796	5.60205999132796
numTSSEnhGene	-1.57413279453931	none	atac_10000_rna_1000_cells_1000	1000	10000	1000	7	6
normalizedATAC_prom	-1.30158914351693	none	atac_10000_rna_1000_cells_1000	1000	10000	1000	7	6
numNearbyEnhancers	0.187711741098541	none	atac_10000_rna_1000_cells_1000	1000	10000	1000	7	6
ubiqExpressed	-0.322852103172635	none	atac_10000_rna_1000_cells_1000	1000	10000	1000	7	6
numCandidateEnhGene	0.386922971191693	none	atac_10000_rna_1000_cells_1000	1000	10000	1000	7	6
ABC.Score	1.66396041871582	none	atac_10000_rna_1000_cells_1000	1000	10000	1000	7	6
Kendall	-0.0269287379069845	none	atac_10000_rna_1000_cells_1000	1000	10000	1000	7	6
numTSSEnhGene	-1.55784459156461	none	atac_20000_rna_2000_cells_1000	1000	20000	2000	7.30102999566398	6.30102999566398
normalizedATAC_prom	-1.29581724667366	none	atac_20000_rna_2000_cells_1000	1000	20000	2000	7.30102999566398	6.30102999566398
numNearbyEnhancers	0.195483096528164	none	atac_20000_rna_2000_cells_1000	1000	20000	2000	7.30102999566398	6.30102999566398
ubiqExpressed	-0.3147899099558	none	atac_20000_rna_2000_cells_1000	1000	20000	2000	7.30102999566398	6.30102999566398
numCandidateEnhGene	0.503916739536927	none	atac_20000_rna_2000_cells_1000	1000	20000	2000	7.30102999566398	6.30102999566398
ABC.Score	1.89290421026924	none	atac_20000_rna_2000_cells_1000	1000	20000	2000	7.30102999566398	6.30102999566398
Kendall	0.296507956219687	none	atac_20000_rna_2000_cells_1000	1000	20000	2000	7.30102999566398	6.30102999566398
numTSSEnhGene	-1.46141225457848	none	atac_30000_rna_3000_cells_1000	1000	30000	3000	7.47712125471966	6.47712125471966
normalizedATAC_prom	-1.34822535815407	none	atac_30000_rna_3000_cells_1000	1000	30000	3000	7.47712125471966	6.47712125471966
numNearbyEnhancers	0.156685316805696	none	atac_30000_rna_3000_cells_1000	1000	30000	3000	7.47712125471966	6.47712125471966
ubiqExpressed	-0.317555077145381	none	atac_30000_rna_3000_cells_1000	1000	30000	3000	7.47712125471966	6.47712125471966
numCandidateEnhGene	0.391310637255981	none	atac_30000_rna_3000_cells_1000	1000	30000	3000	7.47712125471966	6.47712125471966
ABC.Score	1.75146074822232	none	atac_30000_rna_3000_cells_1000	1000	30000	3000	7.47712125471966	6.47712125471966
Kendall	0.482952902178084	none	atac_30000_rna_3000_cells_1000	1000	30000	3000	7.47712125471966	6.47712125471966
numTSSEnhGene	-1.54982889268882	none	atac_33387_rna_3339_cells_1000	1000	33387	3339	7.52357739713225	6.52361641905437
normalizedATAC_prom	-1.29196938481658	none	atac_33387_rna_3339_cells_1000	1000	33387	3339	7.52357739713225	6.52361641905437
numNearbyEnhancers	0.182543602385549	none	atac_33387_rna_3339_cells_1000	1000	33387	3339	7.52357739713225	6.52361641905437
ubiqExpressed	-0.307090550911433	none	atac_33387_rna_3339_cells_1000	1000	33387	3339	7.52357739713225	6.52361641905437
numCandidateEnhGene	0.390931929075971	none	atac_33387_rna_3339_cells_1000	1000	33387	3339	7.52357739713225	6.52361641905437
ABC.Score	1.69980840093221	none	atac_33387_rna_3339_cells_1000	1000	33387	3339	7.52357739713225	6.52361641905437
Kendall	0.244428828495854	none	atac_33387_rna_3339_cells_1000	1000	33387	3339	7.52357739713225	6.52361641905437
numTSSEnhGene	-1.49297819022264	none	atac_1000_rna_100_cells_2000	2000	1000	100	6.30102999566398	5.30102999566398
normalizedATAC_prom	-1.17351979090449	none	atac_1000_rna_100_cells_2000	2000	1000	100	6.30102999566398	5.30102999566398
numNearbyEnhancers	0.165059497659014	none	atac_1000_rna_100_cells_2000	2000	1000	100	6.30102999566398	5.30102999566398
ubiqExpressed	-0.340070452298654	none	atac_1000_rna_100_cells_2000	2000	1000	100	6.30102999566398	5.30102999566398
numCandidateEnhGene	0.333140077575341	none	atac_1000_rna_100_cells_2000	2000	1000	100	6.30102999566398	5.30102999566398
ABC.Score	1.67604753970648	none	atac_1000_rna_100_cells_2000	2000	1000	100	6.30102999566398	5.30102999566398
Kendall	0.0782378345367929	none	atac_1000_rna_100_cells_2000	2000	1000	100	6.30102999566398	5.30102999566398
numTSSEnhGene	-1.58785557471605	none	atac_2000_rna_200_cells_2000	2000	2000	200	6.60205999132796	5.60205999132796
normalizedATAC_prom	-1.21747704930517	none	atac_2000_rna_200_cells_2000	2000	2000	200	6.60205999132796	5.60205999132796
numNearbyEnhancers	0.1146965426278	none	atac_2000_rna_200_cells_2000	2000	2000	200	6.60205999132796	5.60205999132796
ubiqExpressed	-0.314011873577856	none	atac_2000_rna_200_cells_2000	2000	2000	200	6.60205999132796	5.60205999132796
numCandidateEnhGene	0.482629706248725	none	atac_2000_rna_200_cells_2000	2000	2000	200	6.60205999132796	5.60205999132796
ABC.Score	1.80456524586624	none	atac_2000_rna_200_cells_2000	2000	2000	200	6.60205999132796	5.60205999132796
Kendall	-0.340121199425297	none	atac_2000_rna_200_cells_2000	2000	2000	200	6.60205999132796	5.60205999132796
numTSSEnhGene	-1.58078888444447	none	atac_4000_rna_400_cells_2000	2000	4000	400	6.90308998699194	5.90308998699194
normalizedATAC_prom	-1.32183333532223	none	atac_4000_rna_400_cells_2000	2000	4000	400	6.90308998699194	5.90308998699194
numNearbyEnhancers	0.195869460194504	none	atac_4000_rna_400_cells_2000	2000	4000	400	6.90308998699194	5.90308998699194
ubiqExpressed	-0.334975643773241	none	atac_4000_rna_400_cells_2000	2000	4000	400	6.90308998699194	5.90308998699194
numCandidateEnhGene	0.389512479724217	none	atac_4000_rna_400_cells_2000	2000	4000	400	6.90308998699194	5.90308998699194
ABC.Score	1.67554245874869	none	atac_4000_rna_400_cells_2000	2000	4000	400	6.90308998699194	5.90308998699194
Kendall	0.0149950159622312	none	atac_4000_rna_400_cells_2000	2000	4000	400	6.90308998699194	5.90308998699194
numTSSEnhGene	-1.46723352385742	none	atac_10000_rna_1000_cells_2000	2000	10000	1000	7.30102999566398	6.30102999566398
normalizedATAC_prom	-1.07579778361963	none	atac_10000_rna_1000_cells_2000	2000	10000	1000	7.30102999566398	6.30102999566398
numNearbyEnhancers	0.203935053241547	none	atac_10000_rna_1000_cells_2000	2000	10000	1000	7.30102999566398	6.30102999566398
ubiqExpressed	-0.331121070450984	none	atac_10000_rna_1000_cells_2000	2000	10000	1000	7.30102999566398	6.30102999566398
numCandidateEnhGene	0.366679208675283	none	atac_10000_rna_1000_cells_2000	2000	10000	1000	7.30102999566398	6.30102999566398
ABC.Score	1.79901256333509	none	atac_10000_rna_1000_cells_2000	2000	10000	1000	7.30102999566398	6.30102999566398
Kendall	0.28599919002067	none	atac_10000_rna_1000_cells_2000	2000	10000	1000	7.30102999566398	6.30102999566398
numTSSEnhGene	-1.51101131067244	none	atac_20000_rna_2000_cells_2000	2000	20000	2000	7.60205999132796	6.60205999132796
normalizedATAC_prom	-1.36544739793031	none	atac_20000_rna_2000_cells_2000	2000	20000	2000	7.60205999132796	6.60205999132796
numNearbyEnhancers	0.137361815098382	none	atac_20000_rna_2000_cells_2000	2000	20000	2000	7.60205999132796	6.60205999132796
ubiqExpressed	-0.317732011669709	none	atac_20000_rna_2000_cells_2000	2000	20000	2000	7.60205999132796	6.60205999132796
numCandidateEnhGene	0.383572716361722	none	atac_20000_rna_2000_cells_2000	2000	20000	2000	7.60205999132796	6.60205999132796
ABC.Score	1.74636854087125	none	atac_20000_rna_2000_cells_2000	2000	20000	2000	7.60205999132796	6.60205999132796
Kendall	0.358650109961273	none	atac_20000_rna_2000_cells_2000	2000	20000	2000	7.60205999132796	6.60205999132796
numTSSEnhGene	-1.57350335081765	none	atac_30000_rna_3000_cells_2000	2000	30000	3000	7.77815125038364	6.77815125038364
normalizedATAC_prom	-1.29520365548033	none	atac_30000_rna_3000_cells_2000	2000	30000	3000	7.77815125038364	6.77815125038364
numNearbyEnhancers	0.192323458698923	none	atac_30000_rna_3000_cells_2000	2000	30000	3000	7.77815125038364	6.77815125038364
ubiqExpressed	-0.331772661973121	none	atac_30000_rna_3000_cells_2000	2000	30000	3000	7.77815125038364	6.77815125038364
numCandidateEnhGene	0.500623566914358	none	atac_30000_rna_3000_cells_2000	2000	30000	3000	7.77815125038364	6.77815125038364
ABC.Score	1.86951916094562	none	atac_30000_rna_3000_cells_2000	2000	30000	3000	7.77815125038364	6.77815125038364
Kendall	0.443795209953931	none	atac_30000_rna_3000_cells_2000	2000	30000	3000	7.77815125038364	6.77815125038364
numTSSEnhGene	-1.50310003340545	none	atac_33387_rna_3339_cells_2000	2000	33387	3339	7.82460739279624	6.82464641471835
normalizedATAC_prom	-1.25566603452597	none	atac_33387_rna_3339_cells_2000	2000	33387	3339	7.82460739279624	6.82464641471835
numNearbyEnhancers	0.196967277911693	none	atac_33387_rna_3339_cells_2000	2000	33387	3339	7.82460739279624	6.82464641471835
ubiqExpressed	-0.330517163027925	none	atac_33387_rna_3339_cells_2000	2000	33387	3339	7.82460739279624	6.82464641471835
numCandidateEnhGene	0.438152102144734	none	atac_33387_rna_3339_cells_2000	2000	33387	3339	7.82460739279624	6.82464641471835
ABC.Score	1.81603717767906	none	atac_33387_rna_3339_cells_2000	2000	33387	3339	7.82460739279624	6.82464641471835
Kendall	0.525828641590728	none	atac_33387_rna_3339_cells_2000	2000	33387	3339	7.82460739279624	6.82464641471835
numTSSEnhGene	-1.61317770098221	none	atac_1000_rna_100_cells_5000	5000	1000	100	6.69897000433602	5.69897000433602
normalizedATAC_prom	-1.23311260802492	none	atac_1000_rna_100_cells_5000	5000	1000	100	6.69897000433602	5.69897000433602
numNearbyEnhancers	0.167287552780582	none	atac_1000_rna_100_cells_5000	5000	1000	100	6.69897000433602	5.69897000433602
ubiqExpressed	-0.324690095108933	none	atac_1000_rna_100_cells_5000	5000	1000	100	6.69897000433602	5.69897000433602
numCandidateEnhGene	0.513700033865514	none	atac_1000_rna_100_cells_5000	5000	1000	100	6.69897000433602	5.69897000433602
ABC.Score	1.84892942230319	none	atac_1000_rna_100_cells_5000	5000	1000	100	6.69897000433602	5.69897000433602
Kendall	-0.0709755421316422	none	atac_1000_rna_100_cells_5000	5000	1000	100	6.69897000433602	5.69897000433602
numTSSEnhGene	-1.45645416995152	none	atac_2000_rna_200_cells_5000	5000	2000	200	7	6
normalizedATAC_prom	-1.23420355145988	none	atac_2000_rna_200_cells_5000	5000	2000	200	7	6
numNearbyEnhancers	0.157632790257296	none	atac_2000_rna_200_cells_5000	5000	2000	200	7	6
ubiqExpressed	-0.331301917450533	none	atac_2000_rna_200_cells_5000	5000	2000	200	7	6
numCandidateEnhGene	0.359628561524395	none	atac_2000_rna_200_cells_5000	5000	2000	200	7	6
ABC.Score	1.7953015970713	none	atac_2000_rna_200_cells_5000	5000	2000	200	7	6
Kendall	-0.0575445906750579	none	atac_2000_rna_200_cells_5000	5000	2000	200	7	6
numTSSEnhGene	-1.552651473033	none	atac_4000_rna_400_cells_5000	5000	4000	400	7.30102999566398	6.30102999566398
normalizedATAC_prom	-1.15374792054219	none	atac_4000_rna_400_cells_5000	5000	4000	400	7.30102999566398	6.30102999566398
numNearbyEnhancers	0.16318411942333	none	atac_4000_rna_400_cells_5000	5000	4000	400	7.30102999566398	6.30102999566398
ubiqExpressed	-0.338836355195773	none	atac_4000_rna_400_cells_5000	5000	4000	400	7.30102999566398	6.30102999566398
numCandidateEnhGene	0.443089375903163	none	atac_4000_rna_400_cells_5000	5000	4000	400	7.30102999566398	6.30102999566398
ABC.Score	1.82295369072617	none	atac_4000_rna_400_cells_5000	5000	4000	400	7.30102999566398	6.30102999566398
Kendall	0.144327429607825	none	atac_4000_rna_400_cells_5000	5000	4000	400	7.30102999566398	6.30102999566398
numTSSEnhGene	-1.50365631145873	none	atac_10000_rna_1000_cells_5000	5000	10000	1000	7.69897000433602	6.69897000433602
normalizedATAC_prom	-1.31587247424087	none	atac_10000_rna_1000_cells_5000	5000	10000	1000	7.69897000433602	6.69897000433602
numNearbyEnhancers	0.144840314011121	none	atac_10000_rna_1000_cells_5000	5000	10000	1000	7.69897000433602	6.69897000433602
ubiqExpressed	-0.322053944477277	none	atac_10000_rna_1000_cells_5000	5000	10000	1000	7.69897000433602	6.69897000433602
numCandidateEnhGene	0.420643683495515	none	atac_10000_rna_1000_cells_5000	5000	10000	1000	7.69897000433602	6.69897000433602
ABC.Score	1.80848123978658	none	atac_10000_rna_1000_cells_5000	5000	10000	1000	7.69897000433602	6.69897000433602
Kendall	0.116147714959926	none	atac_10000_rna_1000_cells_5000	5000	10000	1000	7.69897000433602	6.69897000433602
numTSSEnhGene	-1.529251925076	none	atac_20000_rna_2000_cells_5000	5000	20000	2000	8	7
normalizedATAC_prom	-1.35508146858454	none	atac_20000_rna_2000_cells_5000	5000	20000	2000	8	7
numNearbyEnhancers	0.200697993335701	none	atac_20000_rna_2000_cells_5000	5000	20000	2000	8	7
ubiqExpressed	-0.313246098124841	none	atac_20000_rna_2000_cells_5000	5000	20000	2000	8	7
numCandidateEnhGene	0.392814546706089	none	atac_20000_rna_2000_cells_5000	5000	20000	2000	8	7
ABC.Score	1.71618909989932	none	atac_20000_rna_2000_cells_5000	5000	20000	2000	8	7
Kendall	0.298325711843557	none	atac_20000_rna_2000_cells_5000	5000	20000	2000	8	7
numTSSEnhGene	-1.49880124481205	none	atac_30000_rna_3000_cells_5000	5000	30000	3000	8.17609125905568	7.17609125905568
normalizedATAC_prom	-1.38012337312543	none	atac_30000_rna_3000_cells_5000	5000	30000	3000	8.17609125905568	7.17609125905568
numNearbyEnhancers	0.183895901938921	none	atac_30000_rna_3000_cells_5000	5000	30000	3000	8.17609125905568	7.17609125905568
ubiqExpressed	-0.322064291675484	none	atac_30000_rna_3000_cells_5000	5000	30000	3000	8.17609125905568	7.17609125905568
numCandidateEnhGene	0.388935053763106	none	atac_30000_rna_3000_cells_5000	5000	30000	3000	8.17609125905568	7.17609125905568
ABC.Score	1.70468650555563	none	atac_30000_rna_3000_cells_5000	5000	30000	3000	8.17609125905568	7.17609125905568
Kendall	0.807846990467329	none	atac_30000_rna_3000_cells_5000	5000	30000	3000	8.17609125905568	7.17609125905568
numTSSEnhGene	-1.47705888468266	none	atac_33387_rna_3339_cells_5000	5000	33387	3339	8.22254740146827	7.22258642339039
normalizedATAC_prom	-1.35040501533053	none	atac_33387_rna_3339_cells_5000	5000	33387	3339	8.22254740146827	7.22258642339039
numNearbyEnhancers	0.11780358286505	none	atac_33387_rna_3339_cells_5000	5000	33387	3339	8.22254740146827	7.22258642339039
ubiqExpressed	-0.331972033014345	none	atac_33387_rna_3339_cells_5000	5000	33387	3339	8.22254740146827	7.22258642339039
numCandidateEnhGene	0.364066384531233	none	atac_33387_rna_3339_cells_5000	5000	33387	3339	8.22254740146827	7.22258642339039
ABC.Score	1.69899628606219	none	atac_33387_rna_3339_cells_5000	5000	33387	3339	8.22254740146827	7.22258642339039
Kendall	0.906547665723455	none	atac_33387_rna_3339_cells_5000	5000	33387	3339	8.22254740146827	7.22258642339039
numTSSEnhGene	-1.43420433265935	none	atac_1000_rna_100_cells_7821	7821	1000	100	6.89326228588799	5.89326228588799
normalizedATAC_prom	-1.21218163679855	none	atac_1000_rna_100_cells_7821	7821	1000	100	6.89326228588799	5.89326228588799
numNearbyEnhancers	0.134760165152235	none	atac_1000_rna_100_cells_7821	7821	1000	100	6.89326228588799	5.89326228588799
ubiqExpressed	-0.310517895890185	none	atac_1000_rna_100_cells_7821	7821	1000	100	6.89326228588799	5.89326228588799
numCandidateEnhGene	0.257746621069704	none	atac_1000_rna_100_cells_7821	7821	1000	100	6.89326228588799	5.89326228588799
ABC.Score	1.65483370049142	none	atac_1000_rna_100_cells_7821	7821	1000	100	6.89326228588799	5.89326228588799
Kendall	-0.344393781890025	none	atac_1000_rna_100_cells_7821	7821	1000	100	6.89326228588799	5.89326228588799
numTSSEnhGene	-1.51387465829748	none	atac_2000_rna_200_cells_7821	7821	2000	200	7.19429228155197	6.19429228155197
normalizedATAC_prom	-1.33477772067922	none	atac_2000_rna_200_cells_7821	7821	2000	200	7.19429228155197	6.19429228155197
numNearbyEnhancers	0.140555608630119	none	atac_2000_rna_200_cells_7821	7821	2000	200	7.19429228155197	6.19429228155197
ubiqExpressed	-0.329869182590866	none	atac_2000_rna_200_cells_7821	7821	2000	200	7.19429228155197	6.19429228155197
numCandidateEnhGene	0.355546115858394	none	atac_2000_rna_200_cells_7821	7821	2000	200	7.19429228155197	6.19429228155197
ABC.Score	1.7447144657141	none	atac_2000_rna_200_cells_7821	7821	2000	200	7.19429228155197	6.19429228155197
Kendall	-0.0188765617256789	none	atac_2000_rna_200_cells_7821	7821	2000	200	7.19429228155197	6.19429228155197
numTSSEnhGene	-1.50643344987071	none	atac_4000_rna_400_cells_7821	7821	4000	400	7.49532227721595	6.49532227721595
normalizedATAC_prom	-1.24205138910158	none	atac_4000_rna_400_cells_7821	7821	4000	400	7.49532227721595	6.49532227721595
numNearbyEnhancers	0.172869728297827	none	atac_4000_rna_400_cells_7821	7821	4000	400	7.49532227721595	6.49532227721595
ubiqExpressed	-0.349557316975392	none	atac_4000_rna_400_cells_7821	7821	4000	400	7.49532227721595	6.49532227721595
numCandidateEnhGene	0.386067007347234	none	atac_4000_rna_400_cells_7821	7821	4000	400	7.49532227721595	6.49532227721595
ABC.Score	1.73733917652987	none	atac_4000_rna_400_cells_7821	7821	4000	400	7.49532227721595	6.49532227721595
Kendall	0.273741095401719	none	atac_4000_rna_400_cells_7821	7821	4000	400	7.49532227721595	6.49532227721595
numTSSEnhGene	-1.5278509905609	none	atac_10000_rna_1000_cells_7821	7821	10000	1000	7.89326228588799	6.89326228588799
normalizedATAC_prom	-1.39054185976235	none	atac_10000_rna_1000_cells_7821	7821	10000	1000	7.89326228588799	6.89326228588799
numNearbyEnhancers	0.180418815975272	none	atac_10000_rna_1000_cells_7821	7821	10000	1000	7.89326228588799	6.89326228588799
ubiqExpressed	-0.319428299159988	none	atac_10000_rna_1000_cells_7821	7821	10000	1000	7.89326228588799	6.89326228588799
numCandidateEnhGene	0.41926563043006	none	atac_10000_rna_1000_cells_7821	7821	10000	1000	7.89326228588799	6.89326228588799
ABC.Score	1.75109763977391	none	atac_10000_rna_1000_cells_7821	7821	10000	1000	7.89326228588799	6.89326228588799
Kendall	0.371553519610053	none	atac_10000_rna_1000_cells_7821	7821	10000	1000	7.89326228588799	6.89326228588799
numTSSEnhGene	-1.47691848256067	none	atac_20000_rna_2000_cells_7821	7821	20000	2000	8.19429228155197	7.19429228155197
normalizedATAC_prom	-1.40316154291184	none	atac_20000_rna_2000_cells_7821	7821	20000	2000	8.19429228155197	7.19429228155197
numNearbyEnhancers	0.160624668496451	none	atac_20000_rna_2000_cells_7821	7821	20000	2000	8.19429228155197	7.19429228155197
ubiqExpressed	-0.316897537723136	none	atac_20000_rna_2000_cells_7821	7821	20000	2000	8.19429228155197	7.19429228155197
numCandidateEnhGene	0.350954821482562	none	atac_20000_rna_2000_cells_7821	7821	20000	2000	8.19429228155197	7.19429228155197
ABC.Score	1.69208443696118	none	atac_20000_rna_2000_cells_7821	7821	20000	2000	8.19429228155197	7.19429228155197
Kendall	0.575056626631605	none	atac_20000_rna_2000_cells_7821	7821	20000	2000	8.19429228155197	7.19429228155197
numTSSEnhGene	-1.43068462703591	none	atac_30000_rna_3000_cells_7821	7821	30000	3000	8.37038354060765	7.37038354060765
normalizedATAC_prom	-1.28563537212603	none	atac_30000_rna_3000_cells_7821	7821	30000	3000	8.37038354060765	7.37038354060765
numNearbyEnhancers	0.144322840735387	none	atac_30000_rna_3000_cells_7821	7821	30000	3000	8.37038354060765	7.37038354060765
ubiqExpressed	-0.318463338562909	none	atac_30000_rna_3000_cells_7821	7821	30000	3000	8.37038354060765	7.37038354060765
numCandidateEnhGene	0.317089127663153	none	atac_30000_rna_3000_cells_7821	7821	30000	3000	8.37038354060765	7.37038354060765
ABC.Score	1.69001277552061	none	atac_30000_rna_3000_cells_7821	7821	30000	3000	8.37038354060765	7.37038354060765
Kendall	1.02932334122267	none	atac_30000_rna_3000_cells_7821	7821	30000	3000	8.37038354060765	7.37038354060765
numTSSEnhGene	-1.43903849550414	none	atac_33387_rna_3339_cells_7821	7821	33387	3339	8.41683968302025	7.41687870494236
normalizedATAC_prom	-1.33123597310539	none	atac_33387_rna_3339_cells_7821	7821	33387	3339	8.41683968302025	7.41687870494236
numNearbyEnhancers	0.169405647677446	none	atac_33387_rna_3339_cells_7821	7821	33387	3339	8.41683968302025	7.41687870494236
ubiqExpressed	-0.320403944630778	none	atac_33387_rna_3339_cells_7821	7821	33387	3339	8.41683968302025	7.41687870494236
numCandidateEnhGene	0.337057618090593	none	atac_33387_rna_3339_cells_7821	7821	33387	3339	8.41683968302025	7.41687870494236
ABC.Score	1.67430832872112	none	atac_33387_rna_3339_cells_7821	7821	33387	3339	8.41683968302025	7.41687870494236
Kendall	0.967345160994642	none	atac_33387_rna_3339_cells_7821	7821	33387	3339	8.41683968302025	7.41687870494236
